,Chris_Lindsay_IoU,Chris_ML_IoU,Lindsay_ML_IoU,Chris_Lindsay_Dice,Chris_ML_Dice,Lindsay_ML_Dice
0,0.5636682510375977,0.40604668855667114,0.40117350220680237,0.9977884888648987,0.811394214630127,0.7997485399246216
1,0.6183204054832458,0.4173429012298584,0.42183130979537964,0.9956213235855103,0.8291900753974915,0.8371634483337402
2,0.5639683604240417,0.4235382378101349,0.42156463861465454,0.9977514743804932,0.8452144861221313,0.8417640328407288
3,0.638127326965332,0.43223822116851807,0.4269810616970062,0.9898742437362671,0.8499777913093567,0.8429105281829834
4,0.5554698705673218,0.42985963821411133,0.4251035451889038,0.9979104995727539,0.8591790199279785,0.8502070903778076
5,0.6664724349975586,0.4197344183921814,0.41839179396629333,0.9925480484962463,0.8286205530166626,0.8224075436592102
6,0.5584916472434998,0.43040066957473755,0.4325001537799835,0.9987314939498901,0.8583765029907227,0.8639608025550842
