image_path,mask_path
/home/Trachoma/annotated_data/FollicleDetection/SAMFollicleMasks/manual_check/Images/0301001_2.png,/home/Trachoma/annotated_data/FollicleDetection/SAMFollicleMasks/manual_check/Mask/0301001_2.png
/home/Trachoma/annotated_data/FollicleDetection/SAMFollicleMasks/manual_check/Images/0301004_12.png,/home/Trachoma/annotated_data/FollicleDetection/SAMFollicleMasks/manual_check/Mask/0301004_12.png
/home/Trachoma/annotated_data/FollicleDetection/SAMFollicleMasks/manual_check/Images/0301072_14.png,/home/Trachoma/annotated_data/FollicleDetection/SAMFollicleMasks/manual_check/Mask/0301072_14.png
/home/Trachoma/annotated_data/FollicleDetection/SAMFollicleMasks/manual_check/Images/0301077_24.png,/home/Trachoma/annotated_data/FollicleDetection/SAMFollicleMasks/manual_check/Mask/0301077_24.png
/home/Trachoma/annotated_data/FollicleDetection/SAMFollicleMasks/manual_check/Images/0301079_33.png,/home/Trachoma/annotated_data/FollicleDetection/SAMFollicleMasks/manual_check/Mask/0301079_33.png
/home/Trachoma/annotated_data/FollicleDetection/SAMFollicleMasks/manual_check/Images/0302021_32.png,/home/Trachoma/annotated_data/FollicleDetection/SAMFollicleMasks/manual_check/Mask/0302021_32.png
/home/Trachoma/annotated_data/FollicleDetection/SAMFollicleMasks/manual_check/Images/0302036_77.png,/home/Trachoma/annotated_data/FollicleDetection/SAMFollicleMasks/manual_check/Mask/0302036_77.png
/home/Trachoma/annotated_data/FollicleDetection/SAMFollicleMasks/manual_check/Images/0302044_101.png,/home/Trachoma/annotated_data/FollicleDetection/SAMFollicleMasks/manual_check/Mask/0302044_101.png
/home/Trachoma/annotated_data/FollicleDetection/SAMFollicleMasks/manual_check/Images/0302044_102.png,/home/Trachoma/annotated_data/FollicleDetection/SAMFollicleMasks/manual_check/Mask/0302044_102.png
/home/Trachoma/annotated_data/FollicleDetection/SAMFollicleMasks/manual_check/Images/0302052_125.png,/home/Trachoma/annotated_data/FollicleDetection/SAMFollicleMasks/manual_check/Mask/0302052_125.png
/home/Trachoma/annotated_data/FollicleDetection/SAMFollicleMasks/manual_check/Images/0302052_126.png,/home/Trachoma/annotated_data/FollicleDetection/SAMFollicleMasks/manual_check/Mask/0302052_126.png
/home/Trachoma/annotated_data/FollicleDetection/SAMFollicleMasks/manual_check/Images/0302068_173.png,/home/Trachoma/annotated_data/FollicleDetection/SAMFollicleMasks/manual_check/Mask/0302068_173.png
/home/Trachoma/annotated_data/FollicleDetection/SAMFollicleMasks/manual_check/Images/0303053_101.png,/home/Trachoma/annotated_data/FollicleDetection/SAMFollicleMasks/manual_check/Mask/0303053_101.png
/home/Trachoma/annotated_data/FollicleDetection/SAMFollicleMasks/manual_check/Images/0303054_104.png,/home/Trachoma/annotated_data/FollicleDetection/SAMFollicleMasks/manual_check/Mask/0303054_104.png
/home/Trachoma/annotated_data/FollicleDetection/SAMFollicleMasks/manual_check/Images/0303068_144.png,/home/Trachoma/annotated_data/FollicleDetection/SAMFollicleMasks/manual_check/Mask/0303068_144.png
/home/Trachoma/annotated_data/FollicleDetection/SAMFollicleMasks/manual_check/Images/0303068_145.png,/home/Trachoma/annotated_data/FollicleDetection/SAMFollicleMasks/manual_check/Mask/0303068_145.png
/home/Trachoma/annotated_data/FollicleDetection/SAMFollicleMasks/manual_check/Images/0303070_151.png,/home/Trachoma/annotated_data/FollicleDetection/SAMFollicleMasks/manual_check/Mask/0303070_151.png
/home/Trachoma/annotated_data/FollicleDetection/SAMFollicleMasks/manual_check/Images/0303078_176.png,/home/Trachoma/annotated_data/FollicleDetection/SAMFollicleMasks/manual_check/Mask/0303078_176.png
/home/Trachoma/annotated_data/FollicleDetection/SAMFollicleMasks/manual_check/Images/0303107_52.png,/home/Trachoma/annotated_data/FollicleDetection/SAMFollicleMasks/manual_check/Mask/0303107_52.png
/home/Trachoma/annotated_data/FollicleDetection/SAMFollicleMasks/manual_check/Images/0303110_62.png,/home/Trachoma/annotated_data/FollicleDetection/SAMFollicleMasks/manual_check/Mask/0303110_62.png
/home/Trachoma/annotated_data/FollicleDetection/SAMFollicleMasks/manual_check/Images/0304016_112.png,/home/Trachoma/annotated_data/FollicleDetection/SAMFollicleMasks/manual_check/Mask/0304016_112.png
/home/Trachoma/annotated_data/FollicleDetection/SAMFollicleMasks/manual_check/Images/0304016_113.png,/home/Trachoma/annotated_data/FollicleDetection/SAMFollicleMasks/manual_check/Mask/0304016_113.png
/home/Trachoma/annotated_data/FollicleDetection/SAMFollicleMasks/manual_check/Images/0304019_121.png,/home/Trachoma/annotated_data/FollicleDetection/SAMFollicleMasks/manual_check/Mask/0304019_121.png
/home/Trachoma/annotated_data/FollicleDetection/SAMFollicleMasks/manual_check/Images/0304019_122.png,/home/Trachoma/annotated_data/FollicleDetection/SAMFollicleMasks/manual_check/Mask/0304019_122.png
/home/Trachoma/annotated_data/FollicleDetection/SAMFollicleMasks/manual_check/Images/0501026_100.png,/home/Trachoma/annotated_data/FollicleDetection/SAMFollicleMasks/manual_check/Mask/0501026_100.png
/home/Trachoma/annotated_data/FollicleDetection/SAMFollicleMasks/manual_check/Images/0301003_7.png,/home/Trachoma/annotated_data/FollicleDetection/SAMFollicleMasks/manual_check/Mask/0301003_7.png
/home/Trachoma/annotated_data/FollicleDetection/SAMFollicleMasks/manual_check/Images/0301003_8.png,/home/Trachoma/annotated_data/FollicleDetection/SAMFollicleMasks/manual_check/Mask/0301003_8.png
/home/Trachoma/annotated_data/FollicleDetection/SAMFollicleMasks/manual_check/Images/0301003_9.png,/home/Trachoma/annotated_data/FollicleDetection/SAMFollicleMasks/manual_check/Mask/0301003_9.png
/home/Trachoma/annotated_data/FollicleDetection/SAMFollicleMasks/manual_check/Images/0301009_27.png,/home/Trachoma/annotated_data/FollicleDetection/SAMFollicleMasks/manual_check/Mask/0301009_27.png
/home/Trachoma/annotated_data/FollicleDetection/SAMFollicleMasks/manual_check/Images/0301032_98.png,/home/Trachoma/annotated_data/FollicleDetection/SAMFollicleMasks/manual_check/Mask/0301032_98.png
/home/Trachoma/annotated_data/FollicleDetection/SAMFollicleMasks/manual_check/Images/0301032_99.png,/home/Trachoma/annotated_data/FollicleDetection/SAMFollicleMasks/manual_check/Mask/0301032_99.png
/home/Trachoma/annotated_data/FollicleDetection/SAMFollicleMasks/manual_check/Images/0301075_19.png,/home/Trachoma/annotated_data/FollicleDetection/SAMFollicleMasks/manual_check/Mask/0301075_19.png
/home/Trachoma/annotated_data/FollicleDetection/SAMFollicleMasks/manual_check/Images/0301075_20.png,/home/Trachoma/annotated_data/FollicleDetection/SAMFollicleMasks/manual_check/Mask/0301075_20.png
/home/Trachoma/annotated_data/FollicleDetection/SAMFollicleMasks/manual_check/Images/0301079_32.png,/home/Trachoma/annotated_data/FollicleDetection/SAMFollicleMasks/manual_check/Mask/0301079_32.png
/home/Trachoma/annotated_data/FollicleDetection/SAMFollicleMasks/manual_check/Images/0301083_44.png,/home/Trachoma/annotated_data/FollicleDetection/SAMFollicleMasks/manual_check/Mask/0301083_44.png
/home/Trachoma/annotated_data/FollicleDetection/SAMFollicleMasks/manual_check/Images/0301083_45.png,/home/Trachoma/annotated_data/FollicleDetection/SAMFollicleMasks/manual_check/Mask/0301083_45.png
/home/Trachoma/annotated_data/FollicleDetection/SAMFollicleMasks/manual_check/Images/0301108_119.png,/home/Trachoma/annotated_data/FollicleDetection/SAMFollicleMasks/manual_check/Mask/0301108_119.png
/home/Trachoma/annotated_data/FollicleDetection/SAMFollicleMasks/manual_check/Images/0302021_31.png,/home/Trachoma/annotated_data/FollicleDetection/SAMFollicleMasks/manual_check/Mask/0302021_31.png
/home/Trachoma/annotated_data/FollicleDetection/SAMFollicleMasks/manual_check/Images/0302041_92.png,/home/Trachoma/annotated_data/FollicleDetection/SAMFollicleMasks/manual_check/Mask/0302041_92.png
/home/Trachoma/annotated_data/FollicleDetection/SAMFollicleMasks/manual_check/Images/0302041_93.png,/home/Trachoma/annotated_data/FollicleDetection/SAMFollicleMasks/manual_check/Mask/0302041_93.png
/home/Trachoma/annotated_data/FollicleDetection/SAMFollicleMasks/manual_check/Images/0302078_203.png,/home/Trachoma/annotated_data/FollicleDetection/SAMFollicleMasks/manual_check/Mask/0302078_203.png
/home/Trachoma/annotated_data/FollicleDetection/SAMFollicleMasks/manual_check/Images/0302078_204.png,/home/Trachoma/annotated_data/FollicleDetection/SAMFollicleMasks/manual_check/Mask/0302078_204.png
/home/Trachoma/annotated_data/FollicleDetection/SAMFollicleMasks/manual_check/Images/0302079_206.png,/home/Trachoma/annotated_data/FollicleDetection/SAMFollicleMasks/manual_check/Mask/0302079_206.png
/home/Trachoma/annotated_data/FollicleDetection/SAMFollicleMasks/manual_check/Images/0302079_207.png,/home/Trachoma/annotated_data/FollicleDetection/SAMFollicleMasks/manual_check/Mask/0302079_207.png
/home/Trachoma/annotated_data/FollicleDetection/SAMFollicleMasks/manual_check/Images/0303021_1.png,/home/Trachoma/annotated_data/FollicleDetection/SAMFollicleMasks/manual_check/Mask/0303021_1.png
/home/Trachoma/annotated_data/FollicleDetection/SAMFollicleMasks/manual_check/Images/0303021_2.png,/home/Trachoma/annotated_data/FollicleDetection/SAMFollicleMasks/manual_check/Mask/0303021_2.png
/home/Trachoma/annotated_data/FollicleDetection/SAMFollicleMasks/manual_check/Images/0303023_8.png,/home/Trachoma/annotated_data/FollicleDetection/SAMFollicleMasks/manual_check/Mask/0303023_8.png
/home/Trachoma/annotated_data/FollicleDetection/SAMFollicleMasks/manual_check/Images/0303027_19.png,/home/Trachoma/annotated_data/FollicleDetection/SAMFollicleMasks/manual_check/Mask/0303027_19.png
/home/Trachoma/annotated_data/FollicleDetection/SAMFollicleMasks/manual_check/Images/0303027_20.png,/home/Trachoma/annotated_data/FollicleDetection/SAMFollicleMasks/manual_check/Mask/0303027_20.png
/home/Trachoma/annotated_data/FollicleDetection/SAMFollicleMasks/manual_check/Images/0303030_28.png,/home/Trachoma/annotated_data/FollicleDetection/SAMFollicleMasks/manual_check/Mask/0303030_28.png
/home/Trachoma/annotated_data/FollicleDetection/SAMFollicleMasks/manual_check/Images/0303030_29.png,/home/Trachoma/annotated_data/FollicleDetection/SAMFollicleMasks/manual_check/Mask/0303030_29.png
/home/Trachoma/annotated_data/FollicleDetection/SAMFollicleMasks/manual_check/Images/0303041_63.png,/home/Trachoma/annotated_data/FollicleDetection/SAMFollicleMasks/manual_check/Mask/0303041_63.png
/home/Trachoma/annotated_data/FollicleDetection/SAMFollicleMasks/manual_check/Images/0303041_64.png,/home/Trachoma/annotated_data/FollicleDetection/SAMFollicleMasks/manual_check/Mask/0303041_64.png
/home/Trachoma/annotated_data/FollicleDetection/SAMFollicleMasks/manual_check/Images/0303054_103.png,/home/Trachoma/annotated_data/FollicleDetection/SAMFollicleMasks/manual_check/Mask/0303054_103.png
/home/Trachoma/annotated_data/FollicleDetection/SAMFollicleMasks/manual_check/Images/0303061_124.png,/home/Trachoma/annotated_data/FollicleDetection/SAMFollicleMasks/manual_check/Mask/0303061_124.png
/home/Trachoma/annotated_data/FollicleDetection/SAMFollicleMasks/manual_check/Images/0303061_125.png,/home/Trachoma/annotated_data/FollicleDetection/SAMFollicleMasks/manual_check/Mask/0303061_125.png
/home/Trachoma/annotated_data/FollicleDetection/SAMFollicleMasks/manual_check/Images/0303080_181.png,/home/Trachoma/annotated_data/FollicleDetection/SAMFollicleMasks/manual_check/Mask/0303080_181.png
/home/Trachoma/annotated_data/FollicleDetection/SAMFollicleMasks/manual_check/Images/0303080_182.png,/home/Trachoma/annotated_data/FollicleDetection/SAMFollicleMasks/manual_check/Mask/0303080_182.png
/home/Trachoma/annotated_data/FollicleDetection/SAMFollicleMasks/manual_check/Images/0303080_183.png,/home/Trachoma/annotated_data/FollicleDetection/SAMFollicleMasks/manual_check/Mask/0303080_183.png
/home/Trachoma/annotated_data/FollicleDetection/SAMFollicleMasks/manual_check/Images/0303081_185.png,/home/Trachoma/annotated_data/FollicleDetection/SAMFollicleMasks/manual_check/Mask/0303081_185.png
/home/Trachoma/annotated_data/FollicleDetection/SAMFollicleMasks/manual_check/Images/0303081_186.png,/home/Trachoma/annotated_data/FollicleDetection/SAMFollicleMasks/manual_check/Mask/0303081_186.png
/home/Trachoma/annotated_data/FollicleDetection/SAMFollicleMasks/manual_check/Images/0303091_4.png,/home/Trachoma/annotated_data/FollicleDetection/SAMFollicleMasks/manual_check/Mask/0303091_4.png
/home/Trachoma/annotated_data/FollicleDetection/SAMFollicleMasks/manual_check/Images/0303091_5.png,/home/Trachoma/annotated_data/FollicleDetection/SAMFollicleMasks/manual_check/Mask/0303091_5.png
/home/Trachoma/annotated_data/FollicleDetection/SAMFollicleMasks/manual_check/Images/0303092_7.png,/home/Trachoma/annotated_data/FollicleDetection/SAMFollicleMasks/manual_check/Mask/0303092_7.png
/home/Trachoma/annotated_data/FollicleDetection/SAMFollicleMasks/manual_check/Images/0303092_8.png,/home/Trachoma/annotated_data/FollicleDetection/SAMFollicleMasks/manual_check/Mask/0303092_8.png
/home/Trachoma/annotated_data/FollicleDetection/SAMFollicleMasks/manual_check/Images/0303095_16.png,/home/Trachoma/annotated_data/FollicleDetection/SAMFollicleMasks/manual_check/Mask/0303095_16.png
/home/Trachoma/annotated_data/FollicleDetection/SAMFollicleMasks/manual_check/Images/0303095_17.png,/home/Trachoma/annotated_data/FollicleDetection/SAMFollicleMasks/manual_check/Mask/0303095_17.png
/home/Trachoma/annotated_data/FollicleDetection/SAMFollicleMasks/manual_check/Images/0303100_31.png,/home/Trachoma/annotated_data/FollicleDetection/SAMFollicleMasks/manual_check/Mask/0303100_31.png
/home/Trachoma/annotated_data/FollicleDetection/SAMFollicleMasks/manual_check/Images/0303100_32.png,/home/Trachoma/annotated_data/FollicleDetection/SAMFollicleMasks/manual_check/Mask/0303100_32.png
/home/Trachoma/annotated_data/FollicleDetection/SAMFollicleMasks/manual_check/Images/0303102_37.png,/home/Trachoma/annotated_data/FollicleDetection/SAMFollicleMasks/manual_check/Mask/0303102_37.png
/home/Trachoma/annotated_data/FollicleDetection/SAMFollicleMasks/manual_check/Images/0303102_38.png,/home/Trachoma/annotated_data/FollicleDetection/SAMFollicleMasks/manual_check/Mask/0303102_38.png
/home/Trachoma/annotated_data/FollicleDetection/SAMFollicleMasks/manual_check/Images/0303107_53.png,/home/Trachoma/annotated_data/FollicleDetection/SAMFollicleMasks/manual_check/Mask/0303107_53.png
/home/Trachoma/annotated_data/FollicleDetection/SAMFollicleMasks/manual_check/Images/0303107_54.png,/home/Trachoma/annotated_data/FollicleDetection/SAMFollicleMasks/manual_check/Mask/0303107_54.png
/home/Trachoma/annotated_data/FollicleDetection/SAMFollicleMasks/manual_check/Images/0304002_68.png,/home/Trachoma/annotated_data/FollicleDetection/SAMFollicleMasks/manual_check/Mask/0304002_68.png
/home/Trachoma/annotated_data/FollicleDetection/SAMFollicleMasks/manual_check/Images/0304002_69.png,/home/Trachoma/annotated_data/FollicleDetection/SAMFollicleMasks/manual_check/Mask/0304002_69.png
/home/Trachoma/annotated_data/FollicleDetection/SAMFollicleMasks/manual_check/Images/0304002_70.png,/home/Trachoma/annotated_data/FollicleDetection/SAMFollicleMasks/manual_check/Mask/0304002_70.png
/home/Trachoma/annotated_data/FollicleDetection/SAMFollicleMasks/manual_check/Images/0304023_134.png,/home/Trachoma/annotated_data/FollicleDetection/SAMFollicleMasks/manual_check/Mask/0304023_134.png
/home/Trachoma/annotated_data/FollicleDetection/SAMFollicleMasks/manual_check/Images/0304023_135.png,/home/Trachoma/annotated_data/FollicleDetection/SAMFollicleMasks/manual_check/Mask/0304023_135.png
/home/Trachoma/annotated_data/FollicleDetection/SAMFollicleMasks/manual_check/Images/0501006_38.png,/home/Trachoma/annotated_data/FollicleDetection/SAMFollicleMasks/manual_check/Mask/0501006_38.png
/home/Trachoma/annotated_data/FollicleDetection/SAMFollicleMasks/manual_check/Images/0501006_39.png,/home/Trachoma/annotated_data/FollicleDetection/SAMFollicleMasks/manual_check/Mask/0501006_39.png
/home/Trachoma/annotated_data/FollicleDetection/SAMFollicleMasks/manual_check/Images/0501021_84.png,/home/Trachoma/annotated_data/FollicleDetection/SAMFollicleMasks/manual_check/Mask/0501021_84.png
/home/Trachoma/annotated_data/FollicleDetection/SAMFollicleMasks/manual_check/Images/0501021_85.png,/home/Trachoma/annotated_data/FollicleDetection/SAMFollicleMasks/manual_check/Mask/0501021_85.png
/home/Trachoma/annotated_data/FollicleDetection/SAMFollicleMasks/manual_check/Images/0501026_101.png,/home/Trachoma/annotated_data/FollicleDetection/SAMFollicleMasks/manual_check/Mask/0501026_101.png
/home/Trachoma/annotated_data/FollicleDetection/SAMFollicleMasks/manual_check/Images/0501026_99.png,/home/Trachoma/annotated_data/FollicleDetection/SAMFollicleMasks/manual_check/Mask/0501026_99.png
/home/Trachoma/annotated_data/FollicleDetection/SAMFollicleMasks/manual_check/Images/0501037_135.png,/home/Trachoma/annotated_data/FollicleDetection/SAMFollicleMasks/manual_check/Mask/0501037_135.png
/home/Trachoma/annotated_data/FollicleDetection/SAMFollicleMasks/manual_check/Images/0501037_136.png,/home/Trachoma/annotated_data/FollicleDetection/SAMFollicleMasks/manual_check/Mask/0501037_136.png
/home/Trachoma/annotated_data/FollicleDetection/SAMFollicleMasks/manual_check/Images/0501037_137.png,/home/Trachoma/annotated_data/FollicleDetection/SAMFollicleMasks/manual_check/Mask/0501037_137.png
/home/Trachoma/annotated_data/FollicleDetection/SAMFollicleMasks/manual_check/Images/0501081_69.png,/home/Trachoma/annotated_data/FollicleDetection/SAMFollicleMasks/manual_check/Mask/0501081_69.png
/home/Trachoma/annotated_data/FollicleDetection/SAMFollicleMasks/manual_check/Images/0501081_70.png,/home/Trachoma/annotated_data/FollicleDetection/SAMFollicleMasks/manual_check/Mask/0501081_70.png
/home/Trachoma/annotated_data/FollicleDetection/SAMFollicleMasks/manual_check/Images/0501082_72.png,/home/Trachoma/annotated_data/FollicleDetection/SAMFollicleMasks/manual_check/Mask/0501082_72.png
/home/Trachoma/annotated_data/FollicleDetection/SAMFollicleMasks/manual_check/Images/0501082_73.png,/home/Trachoma/annotated_data/FollicleDetection/SAMFollicleMasks/manual_check/Mask/0501082_73.png
/home/Trachoma/annotated_data/FollicleDetection/SAMFollicleMasks/manual_check/Images/0501082_74.png,/home/Trachoma/annotated_data/FollicleDetection/SAMFollicleMasks/manual_check/Mask/0501082_74.png
/home/Trachoma/annotated_data/FollicleDetection/SAMFollicleMasks/manual_check/Images/0501099_37.png,/home/Trachoma/annotated_data/FollicleDetection/SAMFollicleMasks/manual_check/Mask/0501099_37.png
/home/Trachoma/annotated_data/FollicleDetection/SAMFollicleMasks/manual_check/Images/0501099_38.png,/home/Trachoma/annotated_data/FollicleDetection/SAMFollicleMasks/manual_check/Mask/0501099_38.png
/home/Trachoma/annotated_data/FollicleDetection/SAMFollicleMasks/manual_check/Images/0502007_20.png,/home/Trachoma/annotated_data/FollicleDetection/SAMFollicleMasks/manual_check/Mask/0502007_20.png
/home/Trachoma/annotated_data/FollicleDetection/SAMFollicleMasks/manual_check/Images/0502007_21.png,/home/Trachoma/annotated_data/FollicleDetection/SAMFollicleMasks/manual_check/Mask/0502007_21.png
/home/Trachoma/annotated_data/FollicleDetection/SAMFollicleMasks/manual_check/Images/0502045_136.png,/home/Trachoma/annotated_data/FollicleDetection/SAMFollicleMasks/manual_check/Mask/0502045_136.png
/home/Trachoma/annotated_data/FollicleDetection/SAMFollicleMasks/manual_check/Images/0502045_137.png,/home/Trachoma/annotated_data/FollicleDetection/SAMFollicleMasks/manual_check/Mask/0502045_137.png
/home/Trachoma/annotated_data/FollicleDetection/SAMFollicleMasks/manual_check/Images/0502054_163.png,/home/Trachoma/annotated_data/FollicleDetection/SAMFollicleMasks/manual_check/Mask/0502054_163.png
/home/Trachoma/annotated_data/FollicleDetection/SAMFollicleMasks/manual_check/Images/0502054_164.png,/home/Trachoma/annotated_data/FollicleDetection/SAMFollicleMasks/manual_check/Mask/0502054_164.png
/home/Trachoma/annotated_data/FollicleDetection/SAMFollicleMasks/manual_check/Images/0502055_166.png,/home/Trachoma/annotated_data/FollicleDetection/SAMFollicleMasks/manual_check/Mask/0502055_166.png
/home/Trachoma/annotated_data/FollicleDetection/SAMFollicleMasks/manual_check/Images/0502055_167.png,/home/Trachoma/annotated_data/FollicleDetection/SAMFollicleMasks/manual_check/Mask/0502055_167.png
/home/Trachoma/annotated_data/FollicleDetection/SAMFollicleMasks/manual_check/Images/0502057_172.png,/home/Trachoma/annotated_data/FollicleDetection/SAMFollicleMasks/manual_check/Mask/0502057_172.png
/home/Trachoma/annotated_data/FollicleDetection/SAMFollicleMasks/manual_check/Images/0502057_173.png,/home/Trachoma/annotated_data/FollicleDetection/SAMFollicleMasks/manual_check/Mask/0502057_173.png
/home/Trachoma/annotated_data/FollicleDetection/SAMFollicleMasks/manual_check/Images/0502104_101.png,/home/Trachoma/annotated_data/FollicleDetection/SAMFollicleMasks/manual_check/Mask/0502104_101.png
/home/Trachoma/annotated_data/FollicleDetection/SAMFollicleMasks/manual_check/Images/0502104_102.png,/home/Trachoma/annotated_data/FollicleDetection/SAMFollicleMasks/manual_check/Mask/0502104_102.png
/home/Trachoma/annotated_data/FollicleDetection/SAMFollicleMasks/manual_check/Images/0503001_43.png,/home/Trachoma/annotated_data/FollicleDetection/SAMFollicleMasks/manual_check/Mask/0503001_43.png
/home/Trachoma/annotated_data/FollicleDetection/SAMFollicleMasks/manual_check/Images/0503001_44.png,/home/Trachoma/annotated_data/FollicleDetection/SAMFollicleMasks/manual_check/Mask/0503001_44.png
/home/Trachoma/annotated_data/FollicleDetection/SAMFollicleMasks/manual_check/Images/0503014_83.png,/home/Trachoma/annotated_data/FollicleDetection/SAMFollicleMasks/manual_check/Mask/0503014_83.png
/home/Trachoma/annotated_data/FollicleDetection/SAMFollicleMasks/manual_check/Images/0503014_84.png,/home/Trachoma/annotated_data/FollicleDetection/SAMFollicleMasks/manual_check/Mask/0503014_84.png
/home/Trachoma/annotated_data/FollicleDetection/SAMFollicleMasks/manual_check/Images/0503022_107.png,/home/Trachoma/annotated_data/FollicleDetection/SAMFollicleMasks/manual_check/Mask/0503022_107.png
/home/Trachoma/annotated_data/FollicleDetection/SAMFollicleMasks/manual_check/Images/0503023_111.png,/home/Trachoma/annotated_data/FollicleDetection/SAMFollicleMasks/manual_check/Mask/0503023_111.png
/home/Trachoma/annotated_data/FollicleDetection/SAMFollicleMasks/manual_check/Images/0503023_112.png,/home/Trachoma/annotated_data/FollicleDetection/SAMFollicleMasks/manual_check/Mask/0503023_112.png
/home/Trachoma/annotated_data/FollicleDetection/SAMFollicleMasks/manual_check/Images/0503028_126.png,/home/Trachoma/annotated_data/FollicleDetection/SAMFollicleMasks/manual_check/Mask/0503028_126.png
/home/Trachoma/annotated_data/FollicleDetection/SAMFollicleMasks/manual_check/Images/0503028_127.png,/home/Trachoma/annotated_data/FollicleDetection/SAMFollicleMasks/manual_check/Mask/0503028_127.png
/home/Trachoma/annotated_data/FollicleDetection/SAMFollicleMasks/manual_check/Images/0107014_318.png,/home/Trachoma/annotated_data/FollicleDetection/SAMFollicleMasks/manual_check/Mask/0107014_318.png
/home/Trachoma/annotated_data/FollicleDetection/SAMFollicleMasks/manual_check/Images/0107015_320.png,/home/Trachoma/annotated_data/FollicleDetection/SAMFollicleMasks/manual_check/Mask/0107015_320.png
/home/Trachoma/annotated_data/FollicleDetection/SAMFollicleMasks/manual_check/Images/0107015_321.png,/home/Trachoma/annotated_data/FollicleDetection/SAMFollicleMasks/manual_check/Mask/0107015_321.png
/home/Trachoma/annotated_data/FollicleDetection/SAMFollicleMasks/manual_check/Images/0107030_357.png,/home/Trachoma/annotated_data/FollicleDetection/SAMFollicleMasks/manual_check/Mask/0107030_357.png
/home/Trachoma/annotated_data/FollicleDetection/SAMFollicleMasks/manual_check/Images/0107047_398.png,/home/Trachoma/annotated_data/FollicleDetection/SAMFollicleMasks/manual_check/Mask/0107047_398.png
/home/Trachoma/annotated_data/FollicleDetection/SAMFollicleMasks/manual_check/Images/0107047_399.png,/home/Trachoma/annotated_data/FollicleDetection/SAMFollicleMasks/manual_check/Mask/0107047_399.png
/home/Trachoma/annotated_data/FollicleDetection/SAMFollicleMasks/manual_check/Images/0107059_426.png,/home/Trachoma/annotated_data/FollicleDetection/SAMFollicleMasks/manual_check/Mask/0107059_426.png
/home/Trachoma/annotated_data/FollicleDetection/SAMFollicleMasks/manual_check/Images/0107059_427.png,/home/Trachoma/annotated_data/FollicleDetection/SAMFollicleMasks/manual_check/Mask/0107059_427.png
/home/Trachoma/annotated_data/FollicleDetection/SAMFollicleMasks/manual_check/Images/0107080_477.png,/home/Trachoma/annotated_data/FollicleDetection/SAMFollicleMasks/manual_check/Mask/0107080_477.png
/home/Trachoma/annotated_data/FollicleDetection/SAMFollicleMasks/manual_check/Images/0107080_478.png,/home/Trachoma/annotated_data/FollicleDetection/SAMFollicleMasks/manual_check/Mask/0107080_478.png
/home/Trachoma/annotated_data/FollicleDetection/SAMFollicleMasks/manual_check/Images/0107084_491.png,/home/Trachoma/annotated_data/FollicleDetection/SAMFollicleMasks/manual_check/Mask/0107084_491.png
/home/Trachoma/annotated_data/FollicleDetection/SAMFollicleMasks/manual_check/Images/0107091_511.png,/home/Trachoma/annotated_data/FollicleDetection/SAMFollicleMasks/manual_check/Mask/0107091_511.png
/home/Trachoma/annotated_data/FollicleDetection/SAMFollicleMasks/manual_check/Images/0107091_512.png,/home/Trachoma/annotated_data/FollicleDetection/SAMFollicleMasks/manual_check/Mask/0107091_512.png
/home/Trachoma/annotated_data/FollicleDetection/SAMFollicleMasks/manual_check/Images/0107108_566.png,/home/Trachoma/annotated_data/FollicleDetection/SAMFollicleMasks/manual_check/Mask/0107108_566.png
/home/Trachoma/annotated_data/FollicleDetection/SAMFollicleMasks/manual_check/Images/0107108_567.png,/home/Trachoma/annotated_data/FollicleDetection/SAMFollicleMasks/manual_check/Mask/0107108_567.png
/home/Trachoma/annotated_data/FollicleDetection/SAMFollicleMasks/manual_check/Images/0107108_568.png,/home/Trachoma/annotated_data/FollicleDetection/SAMFollicleMasks/manual_check/Mask/0107108_568.png
/home/Trachoma/annotated_data/FollicleDetection/SAMFollicleMasks/manual_check/Images/0108014_143.png,/home/Trachoma/annotated_data/FollicleDetection/SAMFollicleMasks/manual_check/Mask/0108014_143.png
/home/Trachoma/annotated_data/FollicleDetection/SAMFollicleMasks/manual_check/Images/0108014_144.png,/home/Trachoma/annotated_data/FollicleDetection/SAMFollicleMasks/manual_check/Mask/0108014_144.png
/home/Trachoma/annotated_data/FollicleDetection/SAMFollicleMasks/manual_check/Images/0108027_175.png,/home/Trachoma/annotated_data/FollicleDetection/SAMFollicleMasks/manual_check/Mask/0108027_175.png
/home/Trachoma/annotated_data/FollicleDetection/SAMFollicleMasks/manual_check/Images/0108027_176.png,/home/Trachoma/annotated_data/FollicleDetection/SAMFollicleMasks/manual_check/Mask/0108027_176.png
/home/Trachoma/annotated_data/FollicleDetection/SAMFollicleMasks/manual_check/Images/0108029_181.png,/home/Trachoma/annotated_data/FollicleDetection/SAMFollicleMasks/manual_check/Mask/0108029_181.png
/home/Trachoma/annotated_data/FollicleDetection/SAMFollicleMasks/manual_check/Images/0108033_191.png,/home/Trachoma/annotated_data/FollicleDetection/SAMFollicleMasks/manual_check/Mask/0108033_191.png
/home/Trachoma/annotated_data/FollicleDetection/SAMFollicleMasks/manual_check/Images/0108033_192.png,/home/Trachoma/annotated_data/FollicleDetection/SAMFollicleMasks/manual_check/Mask/0108033_192.png
/home/Trachoma/annotated_data/FollicleDetection/SAMFollicleMasks/manual_check/Images/0108041_212.png,/home/Trachoma/annotated_data/FollicleDetection/SAMFollicleMasks/manual_check/Mask/0108041_212.png
/home/Trachoma/annotated_data/FollicleDetection/SAMFollicleMasks/manual_check/Images/0108041_213.png,/home/Trachoma/annotated_data/FollicleDetection/SAMFollicleMasks/manual_check/Mask/0108041_213.png
/home/Trachoma/annotated_data/FollicleDetection/SAMFollicleMasks/manual_check/Images/0108054_243.png,/home/Trachoma/annotated_data/FollicleDetection/SAMFollicleMasks/manual_check/Mask/0108054_243.png
/home/Trachoma/annotated_data/FollicleDetection/SAMFollicleMasks/manual_check/Images/0108054_244.png,/home/Trachoma/annotated_data/FollicleDetection/SAMFollicleMasks/manual_check/Mask/0108054_244.png
/home/Trachoma/annotated_data/FollicleDetection/SAMFollicleMasks/manual_check/Images/0108059_254.png,/home/Trachoma/annotated_data/FollicleDetection/SAMFollicleMasks/manual_check/Mask/0108059_254.png
/home/Trachoma/annotated_data/FollicleDetection/SAMFollicleMasks/manual_check/Images/0108059_255.png,/home/Trachoma/annotated_data/FollicleDetection/SAMFollicleMasks/manual_check/Mask/0108059_255.png
/home/Trachoma/annotated_data/FollicleDetection/SAMFollicleMasks/manual_check/Images/0108064_266.png,/home/Trachoma/annotated_data/FollicleDetection/SAMFollicleMasks/manual_check/Mask/0108064_266.png
/home/Trachoma/annotated_data/FollicleDetection/SAMFollicleMasks/manual_check/Images/0108064_267.png,/home/Trachoma/annotated_data/FollicleDetection/SAMFollicleMasks/manual_check/Mask/0108064_267.png
/home/Trachoma/annotated_data/FollicleDetection/SAMFollicleMasks/manual_check/Images/0108071_285.png,/home/Trachoma/annotated_data/FollicleDetection/SAMFollicleMasks/manual_check/Mask/0108071_285.png
/home/Trachoma/annotated_data/FollicleDetection/SAMFollicleMasks/manual_check/Images/0108071_286.png,/home/Trachoma/annotated_data/FollicleDetection/SAMFollicleMasks/manual_check/Mask/0108071_286.png
/home/Trachoma/annotated_data/FollicleDetection/SAMFollicleMasks/manual_check/Images/0108081_311.png,/home/Trachoma/annotated_data/FollicleDetection/SAMFollicleMasks/manual_check/Mask/0108081_311.png
/home/Trachoma/annotated_data/FollicleDetection/SAMFollicleMasks/manual_check/Images/0108081_312.png,/home/Trachoma/annotated_data/FollicleDetection/SAMFollicleMasks/manual_check/Mask/0108081_312.png
/home/Trachoma/annotated_data/FollicleDetection/SAMFollicleMasks/manual_check/Images/0109003_421.png,/home/Trachoma/annotated_data/FollicleDetection/SAMFollicleMasks/manual_check/Mask/0109003_421.png
/home/Trachoma/annotated_data/FollicleDetection/SAMFollicleMasks/manual_check/Images/0109036_498.png,/home/Trachoma/annotated_data/FollicleDetection/SAMFollicleMasks/manual_check/Mask/0109036_498.png
/home/Trachoma/annotated_data/FollicleDetection/SAMFollicleMasks/manual_check/Images/0109037_500.png,/home/Trachoma/annotated_data/FollicleDetection/SAMFollicleMasks/manual_check/Mask/0109037_500.png
/home/Trachoma/annotated_data/FollicleDetection/SAMFollicleMasks/manual_check/Images/0109037_501.png,/home/Trachoma/annotated_data/FollicleDetection/SAMFollicleMasks/manual_check/Mask/0109037_501.png
/home/Trachoma/annotated_data/FollicleDetection/SAMFollicleMasks/manual_check/Images/0109041_508.png,/home/Trachoma/annotated_data/FollicleDetection/SAMFollicleMasks/manual_check/Mask/0109041_508.png
/home/Trachoma/annotated_data/FollicleDetection/SAMFollicleMasks/manual_check/Images/0109041_509.png,/home/Trachoma/annotated_data/FollicleDetection/SAMFollicleMasks/manual_check/Mask/0109041_509.png
/home/Trachoma/annotated_data/FollicleDetection/SAMFollicleMasks/manual_check/Images/0109043_513.png,/home/Trachoma/annotated_data/FollicleDetection/SAMFollicleMasks/manual_check/Mask/0109043_513.png
/home/Trachoma/annotated_data/FollicleDetection/SAMFollicleMasks/manual_check/Images/0109043_514.png,/home/Trachoma/annotated_data/FollicleDetection/SAMFollicleMasks/manual_check/Mask/0109043_514.png
/home/Trachoma/annotated_data/FollicleDetection/SAMFollicleMasks/manual_check/Images/0109058_549.png,/home/Trachoma/annotated_data/FollicleDetection/SAMFollicleMasks/manual_check/Mask/0109058_549.png
/home/Trachoma/annotated_data/FollicleDetection/SAMFollicleMasks/manual_check/Images/0109061_556.png,/home/Trachoma/annotated_data/FollicleDetection/SAMFollicleMasks/manual_check/Mask/0109061_556.png
/home/Trachoma/annotated_data/FollicleDetection/SAMFollicleMasks/manual_check/Images/0109072_581.png,/home/Trachoma/annotated_data/FollicleDetection/SAMFollicleMasks/manual_check/Mask/0109072_581.png
/home/Trachoma/annotated_data/FollicleDetection/SAMFollicleMasks/manual_check/Images/0109072_582.png,/home/Trachoma/annotated_data/FollicleDetection/SAMFollicleMasks/manual_check/Mask/0109072_582.png
/home/Trachoma/annotated_data/FollicleDetection/SAMFollicleMasks/manual_check/Images/0109073_584.png,/home/Trachoma/annotated_data/FollicleDetection/SAMFollicleMasks/manual_check/Mask/0109073_584.png
/home/Trachoma/annotated_data/FollicleDetection/SAMFollicleMasks/manual_check/Images/0109081_608.png,/home/Trachoma/annotated_data/FollicleDetection/SAMFollicleMasks/manual_check/Mask/0109081_608.png
/home/Trachoma/annotated_data/FollicleDetection/SAMFollicleMasks/manual_check/Images/0109081_609.png,/home/Trachoma/annotated_data/FollicleDetection/SAMFollicleMasks/manual_check/Mask/0109081_609.png
/home/Trachoma/annotated_data/FollicleDetection/SAMFollicleMasks/manual_check/Images/0109084_616.png,/home/Trachoma/annotated_data/FollicleDetection/SAMFollicleMasks/manual_check/Mask/0109084_616.png
/home/Trachoma/annotated_data/FollicleDetection/SAMFollicleMasks/manual_check/Images/0109084_617.png,/home/Trachoma/annotated_data/FollicleDetection/SAMFollicleMasks/manual_check/Mask/0109084_617.png
/home/Trachoma/annotated_data/FollicleDetection/SAMFollicleMasks/manual_check/Images/0109084_618.png,/home/Trachoma/annotated_data/FollicleDetection/SAMFollicleMasks/manual_check/Mask/0109084_618.png
/home/Trachoma/annotated_data/FollicleDetection/SAMFollicleMasks/manual_check/Images/0109088_629.png,/home/Trachoma/annotated_data/FollicleDetection/SAMFollicleMasks/manual_check/Mask/0109088_629.png
/home/Trachoma/annotated_data/FollicleDetection/SAMFollicleMasks/manual_check/Images/0109089_632.png,/home/Trachoma/annotated_data/FollicleDetection/SAMFollicleMasks/manual_check/Mask/0109089_632.png
/home/Trachoma/annotated_data/FollicleDetection/SAMFollicleMasks/manual_check/Images/0109089_633.png,/home/Trachoma/annotated_data/FollicleDetection/SAMFollicleMasks/manual_check/Mask/0109089_633.png
/home/Trachoma/annotated_data/FollicleDetection/SAMFollicleMasks/manual_check/Images/0109091_638.png,/home/Trachoma/annotated_data/FollicleDetection/SAMFollicleMasks/manual_check/Mask/0109091_638.png
/home/Trachoma/annotated_data/FollicleDetection/SAMFollicleMasks/manual_check/Images/0109091_639.png,/home/Trachoma/annotated_data/FollicleDetection/SAMFollicleMasks/manual_check/Mask/0109091_639.png
/home/Trachoma/annotated_data/FollicleDetection/SAMFollicleMasks/manual_check/Images/0109098_659.png,/home/Trachoma/annotated_data/FollicleDetection/SAMFollicleMasks/manual_check/Mask/0109098_659.png
/home/Trachoma/annotated_data/FollicleDetection/SAMFollicleMasks/manual_check/Images/0109098_660.png,/home/Trachoma/annotated_data/FollicleDetection/SAMFollicleMasks/manual_check/Mask/0109098_660.png
/home/Trachoma/annotated_data/FollicleDetection/SAMFollicleMasks/manual_check/Images/0109100_665.png,/home/Trachoma/annotated_data/FollicleDetection/SAMFollicleMasks/manual_check/Mask/0109100_665.png
/home/Trachoma/annotated_data/FollicleDetection/SAMFollicleMasks/manual_check/Images/0109100_666.png,/home/Trachoma/annotated_data/FollicleDetection/SAMFollicleMasks/manual_check/Mask/0109100_666.png
/home/Trachoma/annotated_data/FollicleDetection/SAMFollicleMasks/manual_check/Images/0109100_667.png,/home/Trachoma/annotated_data/FollicleDetection/SAMFollicleMasks/manual_check/Mask/0109100_667.png
/home/Trachoma/annotated_data/FollicleDetection/SAMFollicleMasks/manual_check/Images/0109101_670.png,/home/Trachoma/annotated_data/FollicleDetection/SAMFollicleMasks/manual_check/Mask/0109101_670.png
/home/Trachoma/annotated_data/FollicleDetection/SAMFollicleMasks/manual_check/Images/0109109_694.png,/home/Trachoma/annotated_data/FollicleDetection/SAMFollicleMasks/manual_check/Mask/0109109_694.png
/home/Trachoma/annotated_data/FollicleDetection/SAMFollicleMasks/manual_check/Images/0109109_695.png,/home/Trachoma/annotated_data/FollicleDetection/SAMFollicleMasks/manual_check/Mask/0109109_695.png
/home/Trachoma/annotated_data/FollicleDetection/SAMFollicleMasks/manual_check/Images/0113001_1.png,/home/Trachoma/annotated_data/FollicleDetection/SAMFollicleMasks/manual_check/Mask/0113001_1.png
/home/Trachoma/annotated_data/FollicleDetection/SAMFollicleMasks/manual_check/Images/0113001_2.png,/home/Trachoma/annotated_data/FollicleDetection/SAMFollicleMasks/manual_check/Mask/0113001_2.png
/home/Trachoma/annotated_data/FollicleDetection/SAMFollicleMasks/manual_check/Images/0113007_16.png,/home/Trachoma/annotated_data/FollicleDetection/SAMFollicleMasks/manual_check/Mask/0113007_16.png
/home/Trachoma/annotated_data/FollicleDetection/SAMFollicleMasks/manual_check/Images/0113009_24.png,/home/Trachoma/annotated_data/FollicleDetection/SAMFollicleMasks/manual_check/Mask/0113009_24.png
/home/Trachoma/annotated_data/FollicleDetection/SAMFollicleMasks/manual_check/Images/0113009_25.png,/home/Trachoma/annotated_data/FollicleDetection/SAMFollicleMasks/manual_check/Mask/0113009_25.png
/home/Trachoma/annotated_data/FollicleDetection/SAMFollicleMasks/manual_check/Images/0113090_226.png,/home/Trachoma/annotated_data/FollicleDetection/SAMFollicleMasks/manual_check/Mask/0113090_226.png
/home/Trachoma/annotated_data/FollicleDetection/SAMFollicleMasks/manual_check/Images/0113090_227.png,/home/Trachoma/annotated_data/FollicleDetection/SAMFollicleMasks/manual_check/Mask/0113090_227.png
/home/Trachoma/annotated_data/FollicleDetection/SAMFollicleMasks/manual_check/Images/0113093_235.png,/home/Trachoma/annotated_data/FollicleDetection/SAMFollicleMasks/manual_check/Mask/0113093_235.png
/home/Trachoma/annotated_data/FollicleDetection/SAMFollicleMasks/manual_check/Images/0113093_236.png,/home/Trachoma/annotated_data/FollicleDetection/SAMFollicleMasks/manual_check/Mask/0113093_236.png
/home/Trachoma/annotated_data/FollicleDetection/SAMFollicleMasks/manual_check/Images/0115013_102.png,/home/Trachoma/annotated_data/FollicleDetection/SAMFollicleMasks/manual_check/Mask/0115013_102.png
/home/Trachoma/annotated_data/FollicleDetection/SAMFollicleMasks/manual_check/Images/0115013_103.png,/home/Trachoma/annotated_data/FollicleDetection/SAMFollicleMasks/manual_check/Mask/0115013_103.png
/home/Trachoma/annotated_data/FollicleDetection/SAMFollicleMasks/manual_check/Images/0115029_141.png,/home/Trachoma/annotated_data/FollicleDetection/SAMFollicleMasks/manual_check/Mask/0115029_141.png
/home/Trachoma/annotated_data/FollicleDetection/SAMFollicleMasks/manual_check/Images/0115036_156.png,/home/Trachoma/annotated_data/FollicleDetection/SAMFollicleMasks/manual_check/Mask/0115036_156.png
/home/Trachoma/annotated_data/FollicleDetection/SAMFollicleMasks/manual_check/Images/0115036_157.png,/home/Trachoma/annotated_data/FollicleDetection/SAMFollicleMasks/manual_check/Mask/0115036_157.png
/home/Trachoma/annotated_data/FollicleDetection/SAMFollicleMasks/manual_check/Images/0115047_183.png,/home/Trachoma/annotated_data/FollicleDetection/SAMFollicleMasks/manual_check/Mask/0115047_183.png
/home/Trachoma/annotated_data/FollicleDetection/SAMFollicleMasks/manual_check/Images/0115085_284.png,/home/Trachoma/annotated_data/FollicleDetection/SAMFollicleMasks/manual_check/Mask/0115085_284.png
/home/Trachoma/annotated_data/FollicleDetection/SAMFollicleMasks/manual_check/Images/0115085_285.png,/home/Trachoma/annotated_data/FollicleDetection/SAMFollicleMasks/manual_check/Mask/0115085_285.png
/home/Trachoma/annotated_data/FollicleDetection/SAMFollicleMasks/manual_check/Images/0115091_303.png,/home/Trachoma/annotated_data/FollicleDetection/SAMFollicleMasks/manual_check/Mask/0115091_303.png
/home/Trachoma/annotated_data/FollicleDetection/SAMFollicleMasks/manual_check/Images/0115091_304.png,/home/Trachoma/annotated_data/FollicleDetection/SAMFollicleMasks/manual_check/Mask/0115091_304.png
/home/Trachoma/annotated_data/FollicleDetection/SAMFollicleMasks/manual_check/Images/0115096_629.png,/home/Trachoma/annotated_data/FollicleDetection/SAMFollicleMasks/manual_check/Mask/0115096_629.png
/home/Trachoma/annotated_data/FollicleDetection/SAMFollicleMasks/manual_check/Images/0115103_645.png,/home/Trachoma/annotated_data/FollicleDetection/SAMFollicleMasks/manual_check/Mask/0115103_645.png
/home/Trachoma/annotated_data/FollicleDetection/SAMFollicleMasks/manual_check/Images/0115103_646.png,/home/Trachoma/annotated_data/FollicleDetection/SAMFollicleMasks/manual_check/Mask/0115103_646.png
/home/Trachoma/annotated_data/FollicleDetection/SAMFollicleMasks/manual_check/Images/0116007_680.png,/home/Trachoma/annotated_data/FollicleDetection/SAMFollicleMasks/manual_check/Mask/0116007_680.png
/home/Trachoma/annotated_data/FollicleDetection/SAMFollicleMasks/manual_check/Images/0116007_681.png,/home/Trachoma/annotated_data/FollicleDetection/SAMFollicleMasks/manual_check/Mask/0116007_681.png
/home/Trachoma/annotated_data/FollicleDetection/SAMFollicleMasks/manual_check/Images/0116020_709.png,/home/Trachoma/annotated_data/FollicleDetection/SAMFollicleMasks/manual_check/Mask/0116020_709.png
/home/Trachoma/annotated_data/FollicleDetection/SAMFollicleMasks/manual_check/Images/0116020_710.png,/home/Trachoma/annotated_data/FollicleDetection/SAMFollicleMasks/manual_check/Mask/0116020_710.png
/home/Trachoma/annotated_data/FollicleDetection/SAMFollicleMasks/manual_check/Images/0116044_769.png,/home/Trachoma/annotated_data/FollicleDetection/SAMFollicleMasks/manual_check/Mask/0116044_769.png
/home/Trachoma/annotated_data/FollicleDetection/SAMFollicleMasks/manual_check/Images/0116072_53.png,/home/Trachoma/annotated_data/FollicleDetection/SAMFollicleMasks/manual_check/Mask/0116072_53.png
/home/Trachoma/annotated_data/FollicleDetection/SAMFollicleMasks/manual_check/Images/0116072_54.png,/home/Trachoma/annotated_data/FollicleDetection/SAMFollicleMasks/manual_check/Mask/0116072_54.png
/home/Trachoma/annotated_data/FollicleDetection/SAMFollicleMasks/manual_check/Images/0116072_55.png,/home/Trachoma/annotated_data/FollicleDetection/SAMFollicleMasks/manual_check/Mask/0116072_55.png
/home/Trachoma/annotated_data/FollicleDetection/SAMFollicleMasks/manual_check/Images/0116091_405.png,/home/Trachoma/annotated_data/FollicleDetection/SAMFollicleMasks/manual_check/Mask/0116091_405.png
/home/Trachoma/annotated_data/FollicleDetection/SAMFollicleMasks/manual_check/Images/0116091_406.png,/home/Trachoma/annotated_data/FollicleDetection/SAMFollicleMasks/manual_check/Mask/0116091_406.png
/home/Trachoma/annotated_data/FollicleDetection/SAMFollicleMasks/manual_check/Images/0117001_1.png,/home/Trachoma/annotated_data/FollicleDetection/SAMFollicleMasks/manual_check/Mask/0117001_1.png
/home/Trachoma/annotated_data/FollicleDetection/SAMFollicleMasks/manual_check/Images/0117001_2.png,/home/Trachoma/annotated_data/FollicleDetection/SAMFollicleMasks/manual_check/Mask/0117001_2.png
/home/Trachoma/annotated_data/FollicleDetection/SAMFollicleMasks/manual_check/Images/0117009_20.png,/home/Trachoma/annotated_data/FollicleDetection/SAMFollicleMasks/manual_check/Mask/0117009_20.png
/home/Trachoma/annotated_data/FollicleDetection/SAMFollicleMasks/manual_check/Images/0117009_21.png,/home/Trachoma/annotated_data/FollicleDetection/SAMFollicleMasks/manual_check/Mask/0117009_21.png
/home/Trachoma/annotated_data/FollicleDetection/SAMFollicleMasks/manual_check/Images/0117010_23.png,/home/Trachoma/annotated_data/FollicleDetection/SAMFollicleMasks/manual_check/Mask/0117010_23.png
/home/Trachoma/annotated_data/FollicleDetection/SAMFollicleMasks/manual_check/Images/0117028_71.png,/home/Trachoma/annotated_data/FollicleDetection/SAMFollicleMasks/manual_check/Mask/0117028_71.png
/home/Trachoma/annotated_data/FollicleDetection/SAMFollicleMasks/manual_check/Images/0117028_72.png,/home/Trachoma/annotated_data/FollicleDetection/SAMFollicleMasks/manual_check/Mask/0117028_72.png
/home/Trachoma/annotated_data/FollicleDetection/SAMFollicleMasks/manual_check/Images/0117033_85.png,/home/Trachoma/annotated_data/FollicleDetection/SAMFollicleMasks/manual_check/Mask/0117033_85.png
/home/Trachoma/annotated_data/FollicleDetection/SAMFollicleMasks/manual_check/Images/0117033_86.png,/home/Trachoma/annotated_data/FollicleDetection/SAMFollicleMasks/manual_check/Mask/0117033_86.png
/home/Trachoma/annotated_data/FollicleDetection/SAMFollicleMasks/manual_check/Images/0117038_98.png,/home/Trachoma/annotated_data/FollicleDetection/SAMFollicleMasks/manual_check/Mask/0117038_98.png
/home/Trachoma/annotated_data/FollicleDetection/SAMFollicleMasks/manual_check/Images/0117038_99.png,/home/Trachoma/annotated_data/FollicleDetection/SAMFollicleMasks/manual_check/Mask/0117038_99.png
/home/Trachoma/annotated_data/FollicleDetection/SAMFollicleMasks/manual_check/Images/0117050_131.png,/home/Trachoma/annotated_data/FollicleDetection/SAMFollicleMasks/manual_check/Mask/0117050_131.png
/home/Trachoma/annotated_data/FollicleDetection/SAMFollicleMasks/manual_check/Images/0117050_132.png,/home/Trachoma/annotated_data/FollicleDetection/SAMFollicleMasks/manual_check/Mask/0117050_132.png
/home/Trachoma/annotated_data/FollicleDetection/SAMFollicleMasks/manual_check/Images/0117054_140.png,/home/Trachoma/annotated_data/FollicleDetection/SAMFollicleMasks/manual_check/Mask/0117054_140.png
/home/Trachoma/annotated_data/FollicleDetection/SAMFollicleMasks/manual_check/Images/0117096_253.png,/home/Trachoma/annotated_data/FollicleDetection/SAMFollicleMasks/manual_check/Mask/0117096_253.png
/home/Trachoma/annotated_data/FollicleDetection/SAMFollicleMasks/manual_check/Images/0117096_254.png,/home/Trachoma/annotated_data/FollicleDetection/SAMFollicleMasks/manual_check/Mask/0117096_254.png
/home/Trachoma/annotated_data/FollicleDetection/SAMFollicleMasks/manual_check/Images/0117106_283.png,/home/Trachoma/annotated_data/FollicleDetection/SAMFollicleMasks/manual_check/Mask/0117106_283.png
/home/Trachoma/annotated_data/FollicleDetection/SAMFollicleMasks/manual_check/Images/0117106_284.png,/home/Trachoma/annotated_data/FollicleDetection/SAMFollicleMasks/manual_check/Mask/0117106_284.png
/home/Trachoma/annotated_data/FollicleDetection/SAMFollicleMasks/manual_check/Images/0118004_595.png,/home/Trachoma/annotated_data/FollicleDetection/SAMFollicleMasks/manual_check/Mask/0118004_595.png
/home/Trachoma/annotated_data/FollicleDetection/SAMFollicleMasks/manual_check/Images/0118113_85.png,/home/Trachoma/annotated_data/FollicleDetection/SAMFollicleMasks/manual_check/Mask/0118113_85.png
/home/Trachoma/annotated_data/FollicleDetection/SAMFollicleMasks/manual_check/Images/0118114_88.png,/home/Trachoma/annotated_data/FollicleDetection/SAMFollicleMasks/manual_check/Mask/0118114_88.png
/home/Trachoma/annotated_data/FollicleDetection/SAMFollicleMasks/manual_check/Images/0118114_89.png,/home/Trachoma/annotated_data/FollicleDetection/SAMFollicleMasks/manual_check/Mask/0118114_89.png
/home/Trachoma/annotated_data/FollicleDetection/SAMFollicleMasks/manual_check/Images/0119029_421.png,/home/Trachoma/annotated_data/FollicleDetection/SAMFollicleMasks/manual_check/Mask/0119029_421.png
/home/Trachoma/annotated_data/FollicleDetection/SAMFollicleMasks/manual_check/Images/0119029_422.png,/home/Trachoma/annotated_data/FollicleDetection/SAMFollicleMasks/manual_check/Mask/0119029_422.png
/home/Trachoma/annotated_data/FollicleDetection/SAMFollicleMasks/manual_check/Images/0119046_463.png,/home/Trachoma/annotated_data/FollicleDetection/SAMFollicleMasks/manual_check/Mask/0119046_463.png
/home/Trachoma/annotated_data/FollicleDetection/SAMFollicleMasks/manual_check/Images/0119097_594.png,/home/Trachoma/annotated_data/FollicleDetection/SAMFollicleMasks/manual_check/Mask/0119097_594.png
/home/Trachoma/annotated_data/FollicleDetection/SAMFollicleMasks/manual_check/Images/012.png,/home/Trachoma/annotated_data/FollicleDetection/SAMFollicleMasks/manual_check/Mask/012.png
/home/Trachoma/annotated_data/FollicleDetection/SAMFollicleMasks/manual_check/Images/017.png,/home/Trachoma/annotated_data/FollicleDetection/SAMFollicleMasks/manual_check/Mask/017.png
/home/Trachoma/annotated_data/FollicleDetection/SAMFollicleMasks/manual_check/Images/0201009_20.png,/home/Trachoma/annotated_data/FollicleDetection/SAMFollicleMasks/manual_check/Mask/0201009_20.png
/home/Trachoma/annotated_data/FollicleDetection/SAMFollicleMasks/manual_check/Images/0201009_21.png,/home/Trachoma/annotated_data/FollicleDetection/SAMFollicleMasks/manual_check/Mask/0201009_21.png
/home/Trachoma/annotated_data/FollicleDetection/SAMFollicleMasks/manual_check/Images/0201009_22.png,/home/Trachoma/annotated_data/FollicleDetection/SAMFollicleMasks/manual_check/Mask/0201009_22.png
/home/Trachoma/annotated_data/FollicleDetection/SAMFollicleMasks/manual_check/Images/0201032_77.png,/home/Trachoma/annotated_data/FollicleDetection/SAMFollicleMasks/manual_check/Mask/0201032_77.png
/home/Trachoma/annotated_data/FollicleDetection/SAMFollicleMasks/manual_check/Images/0201036_86.png,/home/Trachoma/annotated_data/FollicleDetection/SAMFollicleMasks/manual_check/Mask/0201036_86.png
/home/Trachoma/annotated_data/FollicleDetection/SAMFollicleMasks/manual_check/Images/0201036_87.png,/home/Trachoma/annotated_data/FollicleDetection/SAMFollicleMasks/manual_check/Mask/0201036_87.png
/home/Trachoma/annotated_data/FollicleDetection/SAMFollicleMasks/manual_check/Images/0201084_198.png,/home/Trachoma/annotated_data/FollicleDetection/SAMFollicleMasks/manual_check/Mask/0201084_198.png
/home/Trachoma/annotated_data/FollicleDetection/SAMFollicleMasks/manual_check/Images/0201084_199.png,/home/Trachoma/annotated_data/FollicleDetection/SAMFollicleMasks/manual_check/Mask/0201084_199.png
/home/Trachoma/annotated_data/FollicleDetection/SAMFollicleMasks/manual_check/Images/0202065_510.png,/home/Trachoma/annotated_data/FollicleDetection/SAMFollicleMasks/manual_check/Mask/0202065_510.png
/home/Trachoma/annotated_data/FollicleDetection/SAMFollicleMasks/manual_check/Images/0202065_511.png,/home/Trachoma/annotated_data/FollicleDetection/SAMFollicleMasks/manual_check/Mask/0202065_511.png
/home/Trachoma/annotated_data/FollicleDetection/SAMFollicleMasks/manual_check/Images/0202079_544.png,/home/Trachoma/annotated_data/FollicleDetection/SAMFollicleMasks/manual_check/Mask/0202079_544.png
/home/Trachoma/annotated_data/FollicleDetection/SAMFollicleMasks/manual_check/Images/0202103_612.png,/home/Trachoma/annotated_data/FollicleDetection/SAMFollicleMasks/manual_check/Mask/0202103_612.png
/home/Trachoma/annotated_data/FollicleDetection/SAMFollicleMasks/manual_check/Images/0202103_613.png,/home/Trachoma/annotated_data/FollicleDetection/SAMFollicleMasks/manual_check/Mask/0202103_613.png
/home/Trachoma/annotated_data/FollicleDetection/SAMFollicleMasks/manual_check/Images/0202103_614.png,/home/Trachoma/annotated_data/FollicleDetection/SAMFollicleMasks/manual_check/Mask/0202103_614.png
/home/Trachoma/annotated_data/FollicleDetection/SAMFollicleMasks/manual_check/Images/0203083_1026.png,/home/Trachoma/annotated_data/FollicleDetection/SAMFollicleMasks/manual_check/Mask/0203083_1026.png
/home/Trachoma/annotated_data/FollicleDetection/SAMFollicleMasks/manual_check/Images/0203095_26.png,/home/Trachoma/annotated_data/FollicleDetection/SAMFollicleMasks/manual_check/Mask/0203095_26.png
/home/Trachoma/annotated_data/FollicleDetection/SAMFollicleMasks/manual_check/Images/0203095_27.png,/home/Trachoma/annotated_data/FollicleDetection/SAMFollicleMasks/manual_check/Mask/0203095_27.png
/home/Trachoma/annotated_data/FollicleDetection/SAMFollicleMasks/manual_check/Images/0203099_39.png,/home/Trachoma/annotated_data/FollicleDetection/SAMFollicleMasks/manual_check/Mask/0203099_39.png
/home/Trachoma/annotated_data/FollicleDetection/SAMFollicleMasks/manual_check/Images/0203099_40.png,/home/Trachoma/annotated_data/FollicleDetection/SAMFollicleMasks/manual_check/Mask/0203099_40.png
/home/Trachoma/annotated_data/FollicleDetection/SAMFollicleMasks/manual_check/Images/0204022_304.png,/home/Trachoma/annotated_data/FollicleDetection/SAMFollicleMasks/manual_check/Mask/0204022_304.png
/home/Trachoma/annotated_data/FollicleDetection/SAMFollicleMasks/manual_check/Images/0204022_305.png,/home/Trachoma/annotated_data/FollicleDetection/SAMFollicleMasks/manual_check/Mask/0204022_305.png
/home/Trachoma/annotated_data/FollicleDetection/SAMFollicleMasks/manual_check/Images/0204046_368.png,/home/Trachoma/annotated_data/FollicleDetection/SAMFollicleMasks/manual_check/Mask/0204046_368.png
/home/Trachoma/annotated_data/FollicleDetection/SAMFollicleMasks/manual_check/Images/0204046_369.png,/home/Trachoma/annotated_data/FollicleDetection/SAMFollicleMasks/manual_check/Mask/0204046_369.png
/home/Trachoma/annotated_data/FollicleDetection/SAMFollicleMasks/manual_check/Images/0204104_523.png,/home/Trachoma/annotated_data/FollicleDetection/SAMFollicleMasks/manual_check/Mask/0204104_523.png
/home/Trachoma/annotated_data/FollicleDetection/SAMFollicleMasks/manual_check/Images/0204104_524.png,/home/Trachoma/annotated_data/FollicleDetection/SAMFollicleMasks/manual_check/Mask/0204104_524.png
/home/Trachoma/annotated_data/FollicleDetection/SAMFollicleMasks/manual_check/Images/0205010_554.png,/home/Trachoma/annotated_data/FollicleDetection/SAMFollicleMasks/manual_check/Mask/0205010_554.png
/home/Trachoma/annotated_data/FollicleDetection/SAMFollicleMasks/manual_check/Images/0205044_639.png,/home/Trachoma/annotated_data/FollicleDetection/SAMFollicleMasks/manual_check/Mask/0205044_639.png
/home/Trachoma/annotated_data/FollicleDetection/SAMFollicleMasks/manual_check/Images/0205044_640.png,/home/Trachoma/annotated_data/FollicleDetection/SAMFollicleMasks/manual_check/Mask/0205044_640.png
/home/Trachoma/annotated_data/FollicleDetection/SAMFollicleMasks/manual_check/Images/0205063_685.png,/home/Trachoma/annotated_data/FollicleDetection/SAMFollicleMasks/manual_check/Mask/0205063_685.png
/home/Trachoma/annotated_data/FollicleDetection/SAMFollicleMasks/manual_check/Images/0205063_686.png,/home/Trachoma/annotated_data/FollicleDetection/SAMFollicleMasks/manual_check/Mask/0205063_686.png
/home/Trachoma/annotated_data/FollicleDetection/SAMFollicleMasks/manual_check/Images/0205089_752.png,/home/Trachoma/annotated_data/FollicleDetection/SAMFollicleMasks/manual_check/Mask/0205089_752.png
/home/Trachoma/annotated_data/FollicleDetection/SAMFollicleMasks/manual_check/Images/0205089_753.png,/home/Trachoma/annotated_data/FollicleDetection/SAMFollicleMasks/manual_check/Mask/0205089_753.png
/home/Trachoma/annotated_data/FollicleDetection/SAMFollicleMasks/manual_check/Images/0205092_761.png,/home/Trachoma/annotated_data/FollicleDetection/SAMFollicleMasks/manual_check/Mask/0205092_761.png
/home/Trachoma/annotated_data/FollicleDetection/SAMFollicleMasks/manual_check/Images/0205092_762.png,/home/Trachoma/annotated_data/FollicleDetection/SAMFollicleMasks/manual_check/Mask/0205092_762.png
/home/Trachoma/annotated_data/FollicleDetection/SAMFollicleMasks/manual_check/Images/0206013_92.png,/home/Trachoma/annotated_data/FollicleDetection/SAMFollicleMasks/manual_check/Mask/0206013_92.png
/home/Trachoma/annotated_data/FollicleDetection/SAMFollicleMasks/manual_check/Images/0206013_93.png,/home/Trachoma/annotated_data/FollicleDetection/SAMFollicleMasks/manual_check/Mask/0206013_93.png
/home/Trachoma/annotated_data/FollicleDetection/SAMFollicleMasks/manual_check/Images/0206061_209.png,/home/Trachoma/annotated_data/FollicleDetection/SAMFollicleMasks/manual_check/Mask/0206061_209.png
/home/Trachoma/annotated_data/FollicleDetection/SAMFollicleMasks/manual_check/Images/0206061_210.png,/home/Trachoma/annotated_data/FollicleDetection/SAMFollicleMasks/manual_check/Mask/0206061_210.png
/home/Trachoma/annotated_data/FollicleDetection/SAMFollicleMasks/manual_check/Images/0206071_232.png,/home/Trachoma/annotated_data/FollicleDetection/SAMFollicleMasks/manual_check/Mask/0206071_232.png
/home/Trachoma/annotated_data/FollicleDetection/SAMFollicleMasks/manual_check/Images/0206071_233.png,/home/Trachoma/annotated_data/FollicleDetection/SAMFollicleMasks/manual_check/Mask/0206071_233.png
/home/Trachoma/annotated_data/FollicleDetection/SAMFollicleMasks/manual_check/Images/0206086_268.png,/home/Trachoma/annotated_data/FollicleDetection/SAMFollicleMasks/manual_check/Mask/0206086_268.png
/home/Trachoma/annotated_data/FollicleDetection/SAMFollicleMasks/manual_check/Images/0206086_269.png,/home/Trachoma/annotated_data/FollicleDetection/SAMFollicleMasks/manual_check/Mask/0206086_269.png
/home/Trachoma/annotated_data/FollicleDetection/SAMFollicleMasks/manual_check/Images/0219050_414.png,/home/Trachoma/annotated_data/FollicleDetection/SAMFollicleMasks/manual_check/Mask/0219050_414.png
/home/Trachoma/annotated_data/FollicleDetection/SAMFollicleMasks/manual_check/Images/0219050_415.png,/home/Trachoma/annotated_data/FollicleDetection/SAMFollicleMasks/manual_check/Mask/0219050_415.png
/home/Trachoma/annotated_data/FollicleDetection/SAMFollicleMasks/manual_check/Images/0220028_622.png,/home/Trachoma/annotated_data/FollicleDetection/SAMFollicleMasks/manual_check/Mask/0220028_622.png
/home/Trachoma/annotated_data/FollicleDetection/SAMFollicleMasks/manual_check/Images/0220028_623.png,/home/Trachoma/annotated_data/FollicleDetection/SAMFollicleMasks/manual_check/Mask/0220028_623.png
/home/Trachoma/annotated_data/FollicleDetection/SAMFollicleMasks/manual_check/Images/0221051_170.png,/home/Trachoma/annotated_data/FollicleDetection/SAMFollicleMasks/manual_check/Mask/0221051_170.png
/home/Trachoma/annotated_data/FollicleDetection/SAMFollicleMasks/manual_check/Images/0221051_171.png,/home/Trachoma/annotated_data/FollicleDetection/SAMFollicleMasks/manual_check/Mask/0221051_171.png
/home/Trachoma/annotated_data/FollicleDetection/SAMFollicleMasks/manual_check/Images/0222043_410.png,/home/Trachoma/annotated_data/FollicleDetection/SAMFollicleMasks/manual_check/Mask/0222043_410.png
/home/Trachoma/annotated_data/FollicleDetection/SAMFollicleMasks/manual_check/Images/0222043_411.png,/home/Trachoma/annotated_data/FollicleDetection/SAMFollicleMasks/manual_check/Mask/0222043_411.png
/home/Trachoma/annotated_data/FollicleDetection/SAMFollicleMasks/manual_check/Images/024.png,/home/Trachoma/annotated_data/FollicleDetection/SAMFollicleMasks/manual_check/Mask/024.png
/home/Trachoma/annotated_data/FollicleDetection/SAMFollicleMasks/manual_check/Images/0305018_393.png,/home/Trachoma/annotated_data/FollicleDetection/SAMFollicleMasks/manual_check/Mask/0305018_393.png
/home/Trachoma/annotated_data/FollicleDetection/SAMFollicleMasks/manual_check/Images/0305018_394.png,/home/Trachoma/annotated_data/FollicleDetection/SAMFollicleMasks/manual_check/Mask/0305018_394.png
/home/Trachoma/annotated_data/FollicleDetection/SAMFollicleMasks/manual_check/Images/0305018_395.png,/home/Trachoma/annotated_data/FollicleDetection/SAMFollicleMasks/manual_check/Mask/0305018_395.png
/home/Trachoma/annotated_data/FollicleDetection/SAMFollicleMasks/manual_check/Images/0305022_403.png,/home/Trachoma/annotated_data/FollicleDetection/SAMFollicleMasks/manual_check/Mask/0305022_403.png
/home/Trachoma/annotated_data/FollicleDetection/SAMFollicleMasks/manual_check/Images/0305048_460.png,/home/Trachoma/annotated_data/FollicleDetection/SAMFollicleMasks/manual_check/Mask/0305048_460.png
/home/Trachoma/annotated_data/FollicleDetection/SAMFollicleMasks/manual_check/Images/0305048_461.png,/home/Trachoma/annotated_data/FollicleDetection/SAMFollicleMasks/manual_check/Mask/0305048_461.png
/home/Trachoma/annotated_data/FollicleDetection/SAMFollicleMasks/manual_check/Images/0305057_479.png,/home/Trachoma/annotated_data/FollicleDetection/SAMFollicleMasks/manual_check/Mask/0305057_479.png
/home/Trachoma/annotated_data/FollicleDetection/SAMFollicleMasks/manual_check/Images/0305057_480.png,/home/Trachoma/annotated_data/FollicleDetection/SAMFollicleMasks/manual_check/Mask/0305057_480.png
/home/Trachoma/annotated_data/FollicleDetection/SAMFollicleMasks/manual_check/Images/0305091_564.png,/home/Trachoma/annotated_data/FollicleDetection/SAMFollicleMasks/manual_check/Mask/0305091_564.png
/home/Trachoma/annotated_data/FollicleDetection/SAMFollicleMasks/manual_check/Images/0305094_572.png,/home/Trachoma/annotated_data/FollicleDetection/SAMFollicleMasks/manual_check/Mask/0305094_572.png
/home/Trachoma/annotated_data/FollicleDetection/SAMFollicleMasks/manual_check/Images/0305094_573.png,/home/Trachoma/annotated_data/FollicleDetection/SAMFollicleMasks/manual_check/Mask/0305094_573.png
/home/Trachoma/annotated_data/FollicleDetection/SAMFollicleMasks/manual_check/Images/0305095_575.png,/home/Trachoma/annotated_data/FollicleDetection/SAMFollicleMasks/manual_check/Mask/0305095_575.png
/home/Trachoma/annotated_data/FollicleDetection/SAMFollicleMasks/manual_check/Images/0306019_655.png,/home/Trachoma/annotated_data/FollicleDetection/SAMFollicleMasks/manual_check/Mask/0306019_655.png
/home/Trachoma/annotated_data/FollicleDetection/SAMFollicleMasks/manual_check/Images/0306020_657.png,/home/Trachoma/annotated_data/FollicleDetection/SAMFollicleMasks/manual_check/Mask/0306020_657.png
/home/Trachoma/annotated_data/FollicleDetection/SAMFollicleMasks/manual_check/Images/0306020_658.png,/home/Trachoma/annotated_data/FollicleDetection/SAMFollicleMasks/manual_check/Mask/0306020_658.png
/home/Trachoma/annotated_data/FollicleDetection/SAMFollicleMasks/manual_check/Images/0306024_667.png,/home/Trachoma/annotated_data/FollicleDetection/SAMFollicleMasks/manual_check/Mask/0306024_667.png
/home/Trachoma/annotated_data/FollicleDetection/SAMFollicleMasks/manual_check/Images/0306024_668.png,/home/Trachoma/annotated_data/FollicleDetection/SAMFollicleMasks/manual_check/Mask/0306024_668.png
/home/Trachoma/annotated_data/FollicleDetection/SAMFollicleMasks/manual_check/Images/0306031_684.png,/home/Trachoma/annotated_data/FollicleDetection/SAMFollicleMasks/manual_check/Mask/0306031_684.png
/home/Trachoma/annotated_data/FollicleDetection/SAMFollicleMasks/manual_check/Images/0306031_685.png,/home/Trachoma/annotated_data/FollicleDetection/SAMFollicleMasks/manual_check/Mask/0306031_685.png
/home/Trachoma/annotated_data/FollicleDetection/SAMFollicleMasks/manual_check/Images/0306032_687.png,/home/Trachoma/annotated_data/FollicleDetection/SAMFollicleMasks/manual_check/Mask/0306032_687.png
/home/Trachoma/annotated_data/FollicleDetection/SAMFollicleMasks/manual_check/Images/0306052_731.png,/home/Trachoma/annotated_data/FollicleDetection/SAMFollicleMasks/manual_check/Mask/0306052_731.png
/home/Trachoma/annotated_data/FollicleDetection/SAMFollicleMasks/manual_check/Images/0306052_732.png,/home/Trachoma/annotated_data/FollicleDetection/SAMFollicleMasks/manual_check/Mask/0306052_732.png
/home/Trachoma/annotated_data/FollicleDetection/SAMFollicleMasks/manual_check/Images/0306059_746.png,/home/Trachoma/annotated_data/FollicleDetection/SAMFollicleMasks/manual_check/Mask/0306059_746.png
/home/Trachoma/annotated_data/FollicleDetection/SAMFollicleMasks/manual_check/Images/0306059_747.png,/home/Trachoma/annotated_data/FollicleDetection/SAMFollicleMasks/manual_check/Mask/0306059_747.png
/home/Trachoma/annotated_data/FollicleDetection/SAMFollicleMasks/manual_check/Images/0306063_756.png,/home/Trachoma/annotated_data/FollicleDetection/SAMFollicleMasks/manual_check/Mask/0306063_756.png
/home/Trachoma/annotated_data/FollicleDetection/SAMFollicleMasks/manual_check/Images/0306071_774.png,/home/Trachoma/annotated_data/FollicleDetection/SAMFollicleMasks/manual_check/Mask/0306071_774.png
/home/Trachoma/annotated_data/FollicleDetection/SAMFollicleMasks/manual_check/Images/0306071_775.png,/home/Trachoma/annotated_data/FollicleDetection/SAMFollicleMasks/manual_check/Mask/0306071_775.png
/home/Trachoma/annotated_data/FollicleDetection/SAMFollicleMasks/manual_check/Images/0306072_777.png,/home/Trachoma/annotated_data/FollicleDetection/SAMFollicleMasks/manual_check/Mask/0306072_777.png
/home/Trachoma/annotated_data/FollicleDetection/SAMFollicleMasks/manual_check/Images/0306072_778.png,/home/Trachoma/annotated_data/FollicleDetection/SAMFollicleMasks/manual_check/Mask/0306072_778.png
/home/Trachoma/annotated_data/FollicleDetection/SAMFollicleMasks/manual_check/Images/0306075_784.png,/home/Trachoma/annotated_data/FollicleDetection/SAMFollicleMasks/manual_check/Mask/0306075_784.png
/home/Trachoma/annotated_data/FollicleDetection/SAMFollicleMasks/manual_check/Images/0306075_785.png,/home/Trachoma/annotated_data/FollicleDetection/SAMFollicleMasks/manual_check/Mask/0306075_785.png
/home/Trachoma/annotated_data/FollicleDetection/SAMFollicleMasks/manual_check/Images/0306093_833.png,/home/Trachoma/annotated_data/FollicleDetection/SAMFollicleMasks/manual_check/Mask/0306093_833.png
/home/Trachoma/annotated_data/FollicleDetection/SAMFollicleMasks/manual_check/Images/0306093_834.png,/home/Trachoma/annotated_data/FollicleDetection/SAMFollicleMasks/manual_check/Mask/0306093_834.png
/home/Trachoma/annotated_data/FollicleDetection/SAMFollicleMasks/manual_check/Images/0306096_843.png,/home/Trachoma/annotated_data/FollicleDetection/SAMFollicleMasks/manual_check/Mask/0306096_843.png
/home/Trachoma/annotated_data/FollicleDetection/SAMFollicleMasks/manual_check/Images/0306110_578.png,/home/Trachoma/annotated_data/FollicleDetection/SAMFollicleMasks/manual_check/Mask/0306110_578.png
/home/Trachoma/annotated_data/FollicleDetection/SAMFollicleMasks/manual_check/Images/0306110_579.png,/home/Trachoma/annotated_data/FollicleDetection/SAMFollicleMasks/manual_check/Mask/0306110_579.png
/home/Trachoma/annotated_data/FollicleDetection/SAMFollicleMasks/manual_check/Images/0306110_580.png,/home/Trachoma/annotated_data/FollicleDetection/SAMFollicleMasks/manual_check/Mask/0306110_580.png
/home/Trachoma/annotated_data/FollicleDetection/SAMFollicleMasks/manual_check/Images/0313007_305.png,/home/Trachoma/annotated_data/FollicleDetection/SAMFollicleMasks/manual_check/Mask/0313007_305.png
/home/Trachoma/annotated_data/FollicleDetection/SAMFollicleMasks/manual_check/Images/0313007_306.png,/home/Trachoma/annotated_data/FollicleDetection/SAMFollicleMasks/manual_check/Mask/0313007_306.png
/home/Trachoma/annotated_data/FollicleDetection/SAMFollicleMasks/manual_check/Images/0313010_312.png,/home/Trachoma/annotated_data/FollicleDetection/SAMFollicleMasks/manual_check/Mask/0313010_312.png
/home/Trachoma/annotated_data/FollicleDetection/SAMFollicleMasks/manual_check/Images/0313010_313.png,/home/Trachoma/annotated_data/FollicleDetection/SAMFollicleMasks/manual_check/Mask/0313010_313.png
/home/Trachoma/annotated_data/FollicleDetection/SAMFollicleMasks/manual_check/Images/0313012_317.png,/home/Trachoma/annotated_data/FollicleDetection/SAMFollicleMasks/manual_check/Mask/0313012_317.png
/home/Trachoma/annotated_data/FollicleDetection/SAMFollicleMasks/manual_check/Images/0313012_318.png,/home/Trachoma/annotated_data/FollicleDetection/SAMFollicleMasks/manual_check/Mask/0313012_318.png
/home/Trachoma/annotated_data/FollicleDetection/SAMFollicleMasks/manual_check/Images/0313043_388.png,/home/Trachoma/annotated_data/FollicleDetection/SAMFollicleMasks/manual_check/Mask/0313043_388.png
/home/Trachoma/annotated_data/FollicleDetection/SAMFollicleMasks/manual_check/Images/0313043_389.png,/home/Trachoma/annotated_data/FollicleDetection/SAMFollicleMasks/manual_check/Mask/0313043_389.png
/home/Trachoma/annotated_data/FollicleDetection/SAMFollicleMasks/manual_check/Images/0313046_396.png,/home/Trachoma/annotated_data/FollicleDetection/SAMFollicleMasks/manual_check/Mask/0313046_396.png
/home/Trachoma/annotated_data/FollicleDetection/SAMFollicleMasks/manual_check/Images/0313048_400.png,/home/Trachoma/annotated_data/FollicleDetection/SAMFollicleMasks/manual_check/Mask/0313048_400.png
/home/Trachoma/annotated_data/FollicleDetection/SAMFollicleMasks/manual_check/Images/0313052_410.png,/home/Trachoma/annotated_data/FollicleDetection/SAMFollicleMasks/manual_check/Mask/0313052_410.png
/home/Trachoma/annotated_data/FollicleDetection/SAMFollicleMasks/manual_check/Images/0313072_454.png,/home/Trachoma/annotated_data/FollicleDetection/SAMFollicleMasks/manual_check/Mask/0313072_454.png
/home/Trachoma/annotated_data/FollicleDetection/SAMFollicleMasks/manual_check/Images/0313072_455.png,/home/Trachoma/annotated_data/FollicleDetection/SAMFollicleMasks/manual_check/Mask/0313072_455.png
/home/Trachoma/annotated_data/FollicleDetection/SAMFollicleMasks/manual_check/Images/0313076_463.png,/home/Trachoma/annotated_data/FollicleDetection/SAMFollicleMasks/manual_check/Mask/0313076_463.png
/home/Trachoma/annotated_data/FollicleDetection/SAMFollicleMasks/manual_check/Images/0313083_479.png,/home/Trachoma/annotated_data/FollicleDetection/SAMFollicleMasks/manual_check/Mask/0313083_479.png
/home/Trachoma/annotated_data/FollicleDetection/SAMFollicleMasks/manual_check/Images/0313087_487.png,/home/Trachoma/annotated_data/FollicleDetection/SAMFollicleMasks/manual_check/Mask/0313087_487.png
/home/Trachoma/annotated_data/FollicleDetection/SAMFollicleMasks/manual_check/Images/0313087_488.png,/home/Trachoma/annotated_data/FollicleDetection/SAMFollicleMasks/manual_check/Mask/0313087_488.png
/home/Trachoma/annotated_data/FollicleDetection/SAMFollicleMasks/manual_check/Images/0313092_498.png,/home/Trachoma/annotated_data/FollicleDetection/SAMFollicleMasks/manual_check/Mask/0313092_498.png
/home/Trachoma/annotated_data/FollicleDetection/SAMFollicleMasks/manual_check/Images/0313109_549.png,/home/Trachoma/annotated_data/FollicleDetection/SAMFollicleMasks/manual_check/Mask/0313109_549.png
/home/Trachoma/annotated_data/FollicleDetection/SAMFollicleMasks/manual_check/Images/0313109_550.png,/home/Trachoma/annotated_data/FollicleDetection/SAMFollicleMasks/manual_check/Mask/0313109_550.png
/home/Trachoma/annotated_data/FollicleDetection/SAMFollicleMasks/manual_check/Images/0314049_704.png,/home/Trachoma/annotated_data/FollicleDetection/SAMFollicleMasks/manual_check/Mask/0314049_704.png
/home/Trachoma/annotated_data/FollicleDetection/SAMFollicleMasks/manual_check/Images/0314073_756.png,/home/Trachoma/annotated_data/FollicleDetection/SAMFollicleMasks/manual_check/Mask/0314073_756.png
/home/Trachoma/annotated_data/FollicleDetection/SAMFollicleMasks/manual_check/Images/0314073_757.png,/home/Trachoma/annotated_data/FollicleDetection/SAMFollicleMasks/manual_check/Mask/0314073_757.png
/home/Trachoma/annotated_data/FollicleDetection/SAMFollicleMasks/manual_check/Images/0315001_1.png,/home/Trachoma/annotated_data/FollicleDetection/SAMFollicleMasks/manual_check/Mask/0315001_1.png
/home/Trachoma/annotated_data/FollicleDetection/SAMFollicleMasks/manual_check/Images/0315010_24.png,/home/Trachoma/annotated_data/FollicleDetection/SAMFollicleMasks/manual_check/Mask/0315010_24.png
/home/Trachoma/annotated_data/FollicleDetection/SAMFollicleMasks/manual_check/Images/0315010_25.png,/home/Trachoma/annotated_data/FollicleDetection/SAMFollicleMasks/manual_check/Mask/0315010_25.png
/home/Trachoma/annotated_data/FollicleDetection/SAMFollicleMasks/manual_check/Images/0315011_27.png,/home/Trachoma/annotated_data/FollicleDetection/SAMFollicleMasks/manual_check/Mask/0315011_27.png
/home/Trachoma/annotated_data/FollicleDetection/SAMFollicleMasks/manual_check/Images/0315011_28.png,/home/Trachoma/annotated_data/FollicleDetection/SAMFollicleMasks/manual_check/Mask/0315011_28.png
/home/Trachoma/annotated_data/FollicleDetection/SAMFollicleMasks/manual_check/Images/0315012_30.png,/home/Trachoma/annotated_data/FollicleDetection/SAMFollicleMasks/manual_check/Mask/0315012_30.png
/home/Trachoma/annotated_data/FollicleDetection/SAMFollicleMasks/manual_check/Images/0315013_32.png,/home/Trachoma/annotated_data/FollicleDetection/SAMFollicleMasks/manual_check/Mask/0315013_32.png
/home/Trachoma/annotated_data/FollicleDetection/SAMFollicleMasks/manual_check/Images/0315013_33.png,/home/Trachoma/annotated_data/FollicleDetection/SAMFollicleMasks/manual_check/Mask/0315013_33.png
/home/Trachoma/annotated_data/FollicleDetection/SAMFollicleMasks/manual_check/Images/0315019_45.png,/home/Trachoma/annotated_data/FollicleDetection/SAMFollicleMasks/manual_check/Mask/0315019_45.png
/home/Trachoma/annotated_data/FollicleDetection/SAMFollicleMasks/manual_check/Images/0315027_63.png,/home/Trachoma/annotated_data/FollicleDetection/SAMFollicleMasks/manual_check/Mask/0315027_63.png
/home/Trachoma/annotated_data/FollicleDetection/SAMFollicleMasks/manual_check/Images/0315031_72.png,/home/Trachoma/annotated_data/FollicleDetection/SAMFollicleMasks/manual_check/Mask/0315031_72.png
/home/Trachoma/annotated_data/FollicleDetection/SAMFollicleMasks/manual_check/Images/0315038_88.png,/home/Trachoma/annotated_data/FollicleDetection/SAMFollicleMasks/manual_check/Mask/0315038_88.png
/home/Trachoma/annotated_data/FollicleDetection/SAMFollicleMasks/manual_check/Images/0315038_89.png,/home/Trachoma/annotated_data/FollicleDetection/SAMFollicleMasks/manual_check/Mask/0315038_89.png
/home/Trachoma/annotated_data/FollicleDetection/SAMFollicleMasks/manual_check/Images/0315043_99.png,/home/Trachoma/annotated_data/FollicleDetection/SAMFollicleMasks/manual_check/Mask/0315043_99.png
/home/Trachoma/annotated_data/FollicleDetection/SAMFollicleMasks/manual_check/Images/0315048_110.png,/home/Trachoma/annotated_data/FollicleDetection/SAMFollicleMasks/manual_check/Mask/0315048_110.png
/home/Trachoma/annotated_data/FollicleDetection/SAMFollicleMasks/manual_check/Images/0315048_111.png,/home/Trachoma/annotated_data/FollicleDetection/SAMFollicleMasks/manual_check/Mask/0315048_111.png
/home/Trachoma/annotated_data/FollicleDetection/SAMFollicleMasks/manual_check/Images/0315049_113.png,/home/Trachoma/annotated_data/FollicleDetection/SAMFollicleMasks/manual_check/Mask/0315049_113.png
/home/Trachoma/annotated_data/FollicleDetection/SAMFollicleMasks/manual_check/Images/0315059_131.png,/home/Trachoma/annotated_data/FollicleDetection/SAMFollicleMasks/manual_check/Mask/0315059_131.png
/home/Trachoma/annotated_data/FollicleDetection/SAMFollicleMasks/manual_check/Images/0315063_142.png,/home/Trachoma/annotated_data/FollicleDetection/SAMFollicleMasks/manual_check/Mask/0315063_142.png
/home/Trachoma/annotated_data/FollicleDetection/SAMFollicleMasks/manual_check/Images/0315065_146.png,/home/Trachoma/annotated_data/FollicleDetection/SAMFollicleMasks/manual_check/Mask/0315065_146.png
/home/Trachoma/annotated_data/FollicleDetection/SAMFollicleMasks/manual_check/Images/0315070_157.png,/home/Trachoma/annotated_data/FollicleDetection/SAMFollicleMasks/manual_check/Mask/0315070_157.png
/home/Trachoma/annotated_data/FollicleDetection/SAMFollicleMasks/manual_check/Images/0315089_197.png,/home/Trachoma/annotated_data/FollicleDetection/SAMFollicleMasks/manual_check/Mask/0315089_197.png
/home/Trachoma/annotated_data/FollicleDetection/SAMFollicleMasks/manual_check/Images/0315090_199.png,/home/Trachoma/annotated_data/FollicleDetection/SAMFollicleMasks/manual_check/Mask/0315090_199.png
/home/Trachoma/annotated_data/FollicleDetection/SAMFollicleMasks/manual_check/Images/0315092_203.png,/home/Trachoma/annotated_data/FollicleDetection/SAMFollicleMasks/manual_check/Mask/0315092_203.png
/home/Trachoma/annotated_data/FollicleDetection/SAMFollicleMasks/manual_check/Images/0315093_205.png,/home/Trachoma/annotated_data/FollicleDetection/SAMFollicleMasks/manual_check/Mask/0315093_205.png
/home/Trachoma/annotated_data/FollicleDetection/SAMFollicleMasks/manual_check/Images/0315093_206.png,/home/Trachoma/annotated_data/FollicleDetection/SAMFollicleMasks/manual_check/Mask/0315093_206.png
/home/Trachoma/annotated_data/FollicleDetection/SAMFollicleMasks/manual_check/Images/0315100_226.png,/home/Trachoma/annotated_data/FollicleDetection/SAMFollicleMasks/manual_check/Mask/0315100_226.png
/home/Trachoma/annotated_data/FollicleDetection/SAMFollicleMasks/manual_check/Images/0315100_227.png,/home/Trachoma/annotated_data/FollicleDetection/SAMFollicleMasks/manual_check/Mask/0315100_227.png
/home/Trachoma/annotated_data/FollicleDetection/SAMFollicleMasks/manual_check/Images/0315107_248.png,/home/Trachoma/annotated_data/FollicleDetection/SAMFollicleMasks/manual_check/Mask/0315107_248.png
/home/Trachoma/annotated_data/FollicleDetection/SAMFollicleMasks/manual_check/Images/0315107_249.png,/home/Trachoma/annotated_data/FollicleDetection/SAMFollicleMasks/manual_check/Mask/0315107_249.png
/home/Trachoma/annotated_data/FollicleDetection/SAMFollicleMasks/manual_check/Images/0316022_133.png,/home/Trachoma/annotated_data/FollicleDetection/SAMFollicleMasks/manual_check/Mask/0316022_133.png
/home/Trachoma/annotated_data/FollicleDetection/SAMFollicleMasks/manual_check/Images/0316022_134.png,/home/Trachoma/annotated_data/FollicleDetection/SAMFollicleMasks/manual_check/Mask/0316022_134.png
/home/Trachoma/annotated_data/FollicleDetection/SAMFollicleMasks/manual_check/Images/0316025_140.png,/home/Trachoma/annotated_data/FollicleDetection/SAMFollicleMasks/manual_check/Mask/0316025_140.png
/home/Trachoma/annotated_data/FollicleDetection/SAMFollicleMasks/manual_check/Images/0316046_191.png,/home/Trachoma/annotated_data/FollicleDetection/SAMFollicleMasks/manual_check/Mask/0316046_191.png
/home/Trachoma/annotated_data/FollicleDetection/SAMFollicleMasks/manual_check/Images/0316046_192.png,/home/Trachoma/annotated_data/FollicleDetection/SAMFollicleMasks/manual_check/Mask/0316046_192.png
/home/Trachoma/annotated_data/FollicleDetection/SAMFollicleMasks/manual_check/Images/0316050_201.png,/home/Trachoma/annotated_data/FollicleDetection/SAMFollicleMasks/manual_check/Mask/0316050_201.png
/home/Trachoma/annotated_data/FollicleDetection/SAMFollicleMasks/manual_check/Images/0316050_202.png,/home/Trachoma/annotated_data/FollicleDetection/SAMFollicleMasks/manual_check/Mask/0316050_202.png
/home/Trachoma/annotated_data/FollicleDetection/SAMFollicleMasks/manual_check/Images/0316054_211.png,/home/Trachoma/annotated_data/FollicleDetection/SAMFollicleMasks/manual_check/Mask/0316054_211.png
/home/Trachoma/annotated_data/FollicleDetection/SAMFollicleMasks/manual_check/Images/0316054_212.png,/home/Trachoma/annotated_data/FollicleDetection/SAMFollicleMasks/manual_check/Mask/0316054_212.png
/home/Trachoma/annotated_data/FollicleDetection/SAMFollicleMasks/manual_check/Images/0316059_223.png,/home/Trachoma/annotated_data/FollicleDetection/SAMFollicleMasks/manual_check/Mask/0316059_223.png
/home/Trachoma/annotated_data/FollicleDetection/SAMFollicleMasks/manual_check/Images/0316062_231.png,/home/Trachoma/annotated_data/FollicleDetection/SAMFollicleMasks/manual_check/Mask/0316062_231.png
/home/Trachoma/annotated_data/FollicleDetection/SAMFollicleMasks/manual_check/Images/0316062_232.png,/home/Trachoma/annotated_data/FollicleDetection/SAMFollicleMasks/manual_check/Mask/0316062_232.png
/home/Trachoma/annotated_data/FollicleDetection/SAMFollicleMasks/manual_check/Images/0316064_236.png,/home/Trachoma/annotated_data/FollicleDetection/SAMFollicleMasks/manual_check/Mask/0316064_236.png
/home/Trachoma/annotated_data/FollicleDetection/SAMFollicleMasks/manual_check/Images/0316065_238.png,/home/Trachoma/annotated_data/FollicleDetection/SAMFollicleMasks/manual_check/Mask/0316065_238.png
/home/Trachoma/annotated_data/FollicleDetection/SAMFollicleMasks/manual_check/Images/0316065_239.png,/home/Trachoma/annotated_data/FollicleDetection/SAMFollicleMasks/manual_check/Mask/0316065_239.png
/home/Trachoma/annotated_data/FollicleDetection/SAMFollicleMasks/manual_check/Images/0316068_245.png,/home/Trachoma/annotated_data/FollicleDetection/SAMFollicleMasks/manual_check/Mask/0316068_245.png
/home/Trachoma/annotated_data/FollicleDetection/SAMFollicleMasks/manual_check/Images/0316071_252.png,/home/Trachoma/annotated_data/FollicleDetection/SAMFollicleMasks/manual_check/Mask/0316071_252.png
/home/Trachoma/annotated_data/FollicleDetection/SAMFollicleMasks/manual_check/Images/0316075_261.png,/home/Trachoma/annotated_data/FollicleDetection/SAMFollicleMasks/manual_check/Mask/0316075_261.png
/home/Trachoma/annotated_data/FollicleDetection/SAMFollicleMasks/manual_check/Images/0316075_262.png,/home/Trachoma/annotated_data/FollicleDetection/SAMFollicleMasks/manual_check/Mask/0316075_262.png
/home/Trachoma/annotated_data/FollicleDetection/SAMFollicleMasks/manual_check/Images/0316076_264.png,/home/Trachoma/annotated_data/FollicleDetection/SAMFollicleMasks/manual_check/Mask/0316076_264.png
/home/Trachoma/annotated_data/FollicleDetection/SAMFollicleMasks/manual_check/Images/0316089_299.png,/home/Trachoma/annotated_data/FollicleDetection/SAMFollicleMasks/manual_check/Mask/0316089_299.png
/home/Trachoma/annotated_data/FollicleDetection/SAMFollicleMasks/manual_check/Images/0316094_314.png,/home/Trachoma/annotated_data/FollicleDetection/SAMFollicleMasks/manual_check/Mask/0316094_314.png
/home/Trachoma/annotated_data/FollicleDetection/SAMFollicleMasks/manual_check/Images/0316094_315.png,/home/Trachoma/annotated_data/FollicleDetection/SAMFollicleMasks/manual_check/Mask/0316094_315.png
/home/Trachoma/annotated_data/FollicleDetection/SAMFollicleMasks/manual_check/Images/0316097_324.png,/home/Trachoma/annotated_data/FollicleDetection/SAMFollicleMasks/manual_check/Mask/0316097_324.png
/home/Trachoma/annotated_data/FollicleDetection/SAMFollicleMasks/manual_check/Images/0316097_325.png,/home/Trachoma/annotated_data/FollicleDetection/SAMFollicleMasks/manual_check/Mask/0316097_325.png
/home/Trachoma/annotated_data/FollicleDetection/SAMFollicleMasks/manual_check/Images/0316106_351.png,/home/Trachoma/annotated_data/FollicleDetection/SAMFollicleMasks/manual_check/Mask/0316106_351.png
/home/Trachoma/annotated_data/FollicleDetection/SAMFollicleMasks/manual_check/Images/0316106_352.png,/home/Trachoma/annotated_data/FollicleDetection/SAMFollicleMasks/manual_check/Mask/0316106_352.png
/home/Trachoma/annotated_data/FollicleDetection/SAMFollicleMasks/manual_check/Images/0316108_559.png,/home/Trachoma/annotated_data/FollicleDetection/SAMFollicleMasks/manual_check/Mask/0316108_559.png
/home/Trachoma/annotated_data/FollicleDetection/SAMFollicleMasks/manual_check/Images/0316108_560.png,/home/Trachoma/annotated_data/FollicleDetection/SAMFollicleMasks/manual_check/Mask/0316108_560.png
/home/Trachoma/annotated_data/FollicleDetection/SAMFollicleMasks/manual_check/Images/0316108_561.png,/home/Trachoma/annotated_data/FollicleDetection/SAMFollicleMasks/manual_check/Mask/0316108_561.png
/home/Trachoma/annotated_data/FollicleDetection/SAMFollicleMasks/manual_check/Images/036.png,/home/Trachoma/annotated_data/FollicleDetection/SAMFollicleMasks/manual_check/Mask/036.png
/home/Trachoma/annotated_data/FollicleDetection/SAMFollicleMasks/manual_check/Images/039.png,/home/Trachoma/annotated_data/FollicleDetection/SAMFollicleMasks/manual_check/Mask/039.png
/home/Trachoma/annotated_data/FollicleDetection/SAMFollicleMasks/manual_check/Images/0401032_88.png,/home/Trachoma/annotated_data/FollicleDetection/SAMFollicleMasks/manual_check/Mask/0401032_88.png
/home/Trachoma/annotated_data/FollicleDetection/SAMFollicleMasks/manual_check/Images/0401032_89.png,/home/Trachoma/annotated_data/FollicleDetection/SAMFollicleMasks/manual_check/Mask/0401032_89.png
/home/Trachoma/annotated_data/FollicleDetection/SAMFollicleMasks/manual_check/Images/0401041_110.png,/home/Trachoma/annotated_data/FollicleDetection/SAMFollicleMasks/manual_check/Mask/0401041_110.png
/home/Trachoma/annotated_data/FollicleDetection/SAMFollicleMasks/manual_check/Images/0401041_111.png,/home/Trachoma/annotated_data/FollicleDetection/SAMFollicleMasks/manual_check/Mask/0401041_111.png
/home/Trachoma/annotated_data/FollicleDetection/SAMFollicleMasks/manual_check/Images/0401048_128.png,/home/Trachoma/annotated_data/FollicleDetection/SAMFollicleMasks/manual_check/Mask/0401048_128.png
/home/Trachoma/annotated_data/FollicleDetection/SAMFollicleMasks/manual_check/Images/0401048_129.png,/home/Trachoma/annotated_data/FollicleDetection/SAMFollicleMasks/manual_check/Mask/0401048_129.png
/home/Trachoma/annotated_data/FollicleDetection/SAMFollicleMasks/manual_check/Images/0401071_190.png,/home/Trachoma/annotated_data/FollicleDetection/SAMFollicleMasks/manual_check/Mask/0401071_190.png
/home/Trachoma/annotated_data/FollicleDetection/SAMFollicleMasks/manual_check/Images/0401071_191.png,/home/Trachoma/annotated_data/FollicleDetection/SAMFollicleMasks/manual_check/Mask/0401071_191.png
/home/Trachoma/annotated_data/FollicleDetection/SAMFollicleMasks/manual_check/Images/0401096_266.png,/home/Trachoma/annotated_data/FollicleDetection/SAMFollicleMasks/manual_check/Mask/0401096_266.png
/home/Trachoma/annotated_data/FollicleDetection/SAMFollicleMasks/manual_check/Images/0401096_267.png,/home/Trachoma/annotated_data/FollicleDetection/SAMFollicleMasks/manual_check/Mask/0401096_267.png
/home/Trachoma/annotated_data/FollicleDetection/SAMFollicleMasks/manual_check/Images/0401097_269.png,/home/Trachoma/annotated_data/FollicleDetection/SAMFollicleMasks/manual_check/Mask/0401097_269.png
/home/Trachoma/annotated_data/FollicleDetection/SAMFollicleMasks/manual_check/Images/0401097_270.png,/home/Trachoma/annotated_data/FollicleDetection/SAMFollicleMasks/manual_check/Mask/0401097_270.png
/home/Trachoma/annotated_data/FollicleDetection/SAMFollicleMasks/manual_check/Images/0401098_272.png,/home/Trachoma/annotated_data/FollicleDetection/SAMFollicleMasks/manual_check/Mask/0401098_272.png
/home/Trachoma/annotated_data/FollicleDetection/SAMFollicleMasks/manual_check/Images/0401098_273.png,/home/Trachoma/annotated_data/FollicleDetection/SAMFollicleMasks/manual_check/Mask/0401098_273.png
/home/Trachoma/annotated_data/FollicleDetection/SAMFollicleMasks/manual_check/Images/0402067_645.png,/home/Trachoma/annotated_data/FollicleDetection/SAMFollicleMasks/manual_check/Mask/0402067_645.png
/home/Trachoma/annotated_data/FollicleDetection/SAMFollicleMasks/manual_check/Images/0402067_646.png,/home/Trachoma/annotated_data/FollicleDetection/SAMFollicleMasks/manual_check/Mask/0402067_646.png
/home/Trachoma/annotated_data/FollicleDetection/SAMFollicleMasks/manual_check/Images/0402083_688.png,/home/Trachoma/annotated_data/FollicleDetection/SAMFollicleMasks/manual_check/Mask/0402083_688.png
/home/Trachoma/annotated_data/FollicleDetection/SAMFollicleMasks/manual_check/Images/0402083_689.png,/home/Trachoma/annotated_data/FollicleDetection/SAMFollicleMasks/manual_check/Mask/0402083_689.png
/home/Trachoma/annotated_data/FollicleDetection/SAMFollicleMasks/manual_check/Images/0402105_13.png,/home/Trachoma/annotated_data/FollicleDetection/SAMFollicleMasks/manual_check/Mask/0402105_13.png
/home/Trachoma/annotated_data/FollicleDetection/SAMFollicleMasks/manual_check/Images/0402105_14.png,/home/Trachoma/annotated_data/FollicleDetection/SAMFollicleMasks/manual_check/Mask/0402105_14.png
/home/Trachoma/annotated_data/FollicleDetection/SAMFollicleMasks/manual_check/Images/0403027_401.png,/home/Trachoma/annotated_data/FollicleDetection/SAMFollicleMasks/manual_check/Mask/0403027_401.png
/home/Trachoma/annotated_data/FollicleDetection/SAMFollicleMasks/manual_check/Images/0403027_402.png,/home/Trachoma/annotated_data/FollicleDetection/SAMFollicleMasks/manual_check/Mask/0403027_402.png
/home/Trachoma/annotated_data/FollicleDetection/SAMFollicleMasks/manual_check/Images/0403064_506.png,/home/Trachoma/annotated_data/FollicleDetection/SAMFollicleMasks/manual_check/Mask/0403064_506.png
/home/Trachoma/annotated_data/FollicleDetection/SAMFollicleMasks/manual_check/Images/0403065_509.png,/home/Trachoma/annotated_data/FollicleDetection/SAMFollicleMasks/manual_check/Mask/0403065_509.png
/home/Trachoma/annotated_data/FollicleDetection/SAMFollicleMasks/manual_check/Images/0403080_549.png,/home/Trachoma/annotated_data/FollicleDetection/SAMFollicleMasks/manual_check/Mask/0403080_549.png
/home/Trachoma/annotated_data/FollicleDetection/SAMFollicleMasks/manual_check/Images/0404002_4.png,/home/Trachoma/annotated_data/FollicleDetection/SAMFollicleMasks/manual_check/Mask/0404002_4.png
/home/Trachoma/annotated_data/FollicleDetection/SAMFollicleMasks/manual_check/Images/0404002_5.png,/home/Trachoma/annotated_data/FollicleDetection/SAMFollicleMasks/manual_check/Mask/0404002_5.png
/home/Trachoma/annotated_data/FollicleDetection/SAMFollicleMasks/manual_check/Images/0404038_114.png,/home/Trachoma/annotated_data/FollicleDetection/SAMFollicleMasks/manual_check/Mask/0404038_114.png
/home/Trachoma/annotated_data/FollicleDetection/SAMFollicleMasks/manual_check/Images/0404038_115.png,/home/Trachoma/annotated_data/FollicleDetection/SAMFollicleMasks/manual_check/Mask/0404038_115.png
/home/Trachoma/annotated_data/FollicleDetection/SAMFollicleMasks/manual_check/Images/0404040_120.png,/home/Trachoma/annotated_data/FollicleDetection/SAMFollicleMasks/manual_check/Mask/0404040_120.png
/home/Trachoma/annotated_data/FollicleDetection/SAMFollicleMasks/manual_check/Images/0404040_121.png,/home/Trachoma/annotated_data/FollicleDetection/SAMFollicleMasks/manual_check/Mask/0404040_121.png
/home/Trachoma/annotated_data/FollicleDetection/SAMFollicleMasks/manual_check/Images/0404082_77.png,/home/Trachoma/annotated_data/FollicleDetection/SAMFollicleMasks/manual_check/Mask/0404082_77.png
/home/Trachoma/annotated_data/FollicleDetection/SAMFollicleMasks/manual_check/Images/0404082_78.png,/home/Trachoma/annotated_data/FollicleDetection/SAMFollicleMasks/manual_check/Mask/0404082_78.png
/home/Trachoma/annotated_data/FollicleDetection/SAMFollicleMasks/manual_check/Images/0404090_105.png,/home/Trachoma/annotated_data/FollicleDetection/SAMFollicleMasks/manual_check/Mask/0404090_105.png
/home/Trachoma/annotated_data/FollicleDetection/SAMFollicleMasks/manual_check/Images/0404090_106.png,/home/Trachoma/annotated_data/FollicleDetection/SAMFollicleMasks/manual_check/Mask/0404090_106.png
/home/Trachoma/annotated_data/FollicleDetection/SAMFollicleMasks/manual_check/Images/0404103_147.png,/home/Trachoma/annotated_data/FollicleDetection/SAMFollicleMasks/manual_check/Mask/0404103_147.png
/home/Trachoma/annotated_data/FollicleDetection/SAMFollicleMasks/manual_check/Images/0404103_149.png,/home/Trachoma/annotated_data/FollicleDetection/SAMFollicleMasks/manual_check/Mask/0404103_149.png
/home/Trachoma/annotated_data/FollicleDetection/SAMFollicleMasks/manual_check/Images/0405002_164.png,/home/Trachoma/annotated_data/FollicleDetection/SAMFollicleMasks/manual_check/Mask/0405002_164.png
/home/Trachoma/annotated_data/FollicleDetection/SAMFollicleMasks/manual_check/Images/0405029_242.png,/home/Trachoma/annotated_data/FollicleDetection/SAMFollicleMasks/manual_check/Mask/0405029_242.png
/home/Trachoma/annotated_data/FollicleDetection/SAMFollicleMasks/manual_check/Images/0405029_243.png,/home/Trachoma/annotated_data/FollicleDetection/SAMFollicleMasks/manual_check/Mask/0405029_243.png
/home/Trachoma/annotated_data/FollicleDetection/SAMFollicleMasks/manual_check/Images/0405029_244.png,/home/Trachoma/annotated_data/FollicleDetection/SAMFollicleMasks/manual_check/Mask/0405029_244.png
/home/Trachoma/annotated_data/FollicleDetection/SAMFollicleMasks/manual_check/Images/0405034_258.png,/home/Trachoma/annotated_data/FollicleDetection/SAMFollicleMasks/manual_check/Mask/0405034_258.png
/home/Trachoma/annotated_data/FollicleDetection/SAMFollicleMasks/manual_check/Images/0405034_259.png,/home/Trachoma/annotated_data/FollicleDetection/SAMFollicleMasks/manual_check/Mask/0405034_259.png
/home/Trachoma/annotated_data/FollicleDetection/SAMFollicleMasks/manual_check/Images/0405065_348.png,/home/Trachoma/annotated_data/FollicleDetection/SAMFollicleMasks/manual_check/Mask/0405065_348.png
/home/Trachoma/annotated_data/FollicleDetection/SAMFollicleMasks/manual_check/Images/0405065_349.png,/home/Trachoma/annotated_data/FollicleDetection/SAMFollicleMasks/manual_check/Mask/0405065_349.png
/home/Trachoma/annotated_data/FollicleDetection/SAMFollicleMasks/manual_check/Images/0405081_390.png,/home/Trachoma/annotated_data/FollicleDetection/SAMFollicleMasks/manual_check/Mask/0405081_390.png
/home/Trachoma/annotated_data/FollicleDetection/SAMFollicleMasks/manual_check/Images/0405081_391.png,/home/Trachoma/annotated_data/FollicleDetection/SAMFollicleMasks/manual_check/Mask/0405081_391.png
/home/Trachoma/annotated_data/FollicleDetection/SAMFollicleMasks/manual_check/Images/0405086_406.png,/home/Trachoma/annotated_data/FollicleDetection/SAMFollicleMasks/manual_check/Mask/0405086_406.png
/home/Trachoma/annotated_data/FollicleDetection/SAMFollicleMasks/manual_check/Images/0405086_407.png,/home/Trachoma/annotated_data/FollicleDetection/SAMFollicleMasks/manual_check/Mask/0405086_407.png
/home/Trachoma/annotated_data/FollicleDetection/SAMFollicleMasks/manual_check/Images/0405086_408.png,/home/Trachoma/annotated_data/FollicleDetection/SAMFollicleMasks/manual_check/Mask/0405086_408.png
/home/Trachoma/annotated_data/FollicleDetection/SAMFollicleMasks/manual_check/Images/0405101_452.png,/home/Trachoma/annotated_data/FollicleDetection/SAMFollicleMasks/manual_check/Mask/0405101_452.png
/home/Trachoma/annotated_data/FollicleDetection/SAMFollicleMasks/manual_check/Images/0405101_453.png,/home/Trachoma/annotated_data/FollicleDetection/SAMFollicleMasks/manual_check/Mask/0405101_453.png
/home/Trachoma/annotated_data/FollicleDetection/SAMFollicleMasks/manual_check/Images/0405107_313.png,/home/Trachoma/annotated_data/FollicleDetection/SAMFollicleMasks/manual_check/Mask/0405107_313.png
/home/Trachoma/annotated_data/FollicleDetection/SAMFollicleMasks/manual_check/Images/0405107_314.png,/home/Trachoma/annotated_data/FollicleDetection/SAMFollicleMasks/manual_check/Mask/0405107_314.png
/home/Trachoma/annotated_data/FollicleDetection/SAMFollicleMasks/manual_check/Images/047.png,/home/Trachoma/annotated_data/FollicleDetection/SAMFollicleMasks/manual_check/Mask/047.png
/home/Trachoma/annotated_data/FollicleDetection/SAMFollicleMasks/manual_check/Images/048.png,/home/Trachoma/annotated_data/FollicleDetection/SAMFollicleMasks/manual_check/Mask/048.png
/home/Trachoma/annotated_data/FollicleDetection/SAMFollicleMasks/manual_check/Images/0503034_143.png,/home/Trachoma/annotated_data/FollicleDetection/SAMFollicleMasks/manual_check/Mask/0503034_143.png
/home/Trachoma/annotated_data/FollicleDetection/SAMFollicleMasks/manual_check/Images/0503034_144.png,/home/Trachoma/annotated_data/FollicleDetection/SAMFollicleMasks/manual_check/Mask/0503034_144.png
/home/Trachoma/annotated_data/FollicleDetection/SAMFollicleMasks/manual_check/Images/0503036_149.png,/home/Trachoma/annotated_data/FollicleDetection/SAMFollicleMasks/manual_check/Mask/0503036_149.png
/home/Trachoma/annotated_data/FollicleDetection/SAMFollicleMasks/manual_check/Images/0503036_150.png,/home/Trachoma/annotated_data/FollicleDetection/SAMFollicleMasks/manual_check/Mask/0503036_150.png
/home/Trachoma/annotated_data/FollicleDetection/SAMFollicleMasks/manual_check/Images/0503054_203.png,/home/Trachoma/annotated_data/FollicleDetection/SAMFollicleMasks/manual_check/Mask/0503054_203.png
/home/Trachoma/annotated_data/FollicleDetection/SAMFollicleMasks/manual_check/Images/0503054_204.png,/home/Trachoma/annotated_data/FollicleDetection/SAMFollicleMasks/manual_check/Mask/0503054_204.png
/home/Trachoma/annotated_data/FollicleDetection/SAMFollicleMasks/manual_check/Images/0503054_205.png,/home/Trachoma/annotated_data/FollicleDetection/SAMFollicleMasks/manual_check/Mask/0503054_205.png
/home/Trachoma/annotated_data/FollicleDetection/SAMFollicleMasks/manual_check/Images/0503055_208.png,/home/Trachoma/annotated_data/FollicleDetection/SAMFollicleMasks/manual_check/Mask/0503055_208.png
/home/Trachoma/annotated_data/FollicleDetection/SAMFollicleMasks/manual_check/Images/0503062_19.png,/home/Trachoma/annotated_data/FollicleDetection/SAMFollicleMasks/manual_check/Mask/0503062_19.png
/home/Trachoma/annotated_data/FollicleDetection/SAMFollicleMasks/manual_check/Images/0503062_20.png,/home/Trachoma/annotated_data/FollicleDetection/SAMFollicleMasks/manual_check/Mask/0503062_20.png
/home/Trachoma/annotated_data/FollicleDetection/SAMFollicleMasks/manual_check/Images/0503068_38.png,/home/Trachoma/annotated_data/FollicleDetection/SAMFollicleMasks/manual_check/Mask/0503068_38.png
/home/Trachoma/annotated_data/FollicleDetection/SAMFollicleMasks/manual_check/Images/0503068_39.png,/home/Trachoma/annotated_data/FollicleDetection/SAMFollicleMasks/manual_check/Mask/0503068_39.png
/home/Trachoma/annotated_data/FollicleDetection/SAMFollicleMasks/manual_check/Images/0503095_124.png,/home/Trachoma/annotated_data/FollicleDetection/SAMFollicleMasks/manual_check/Mask/0503095_124.png
/home/Trachoma/annotated_data/FollicleDetection/SAMFollicleMasks/manual_check/Images/0503095_125.png,/home/Trachoma/annotated_data/FollicleDetection/SAMFollicleMasks/manual_check/Mask/0503095_125.png
/home/Trachoma/annotated_data/FollicleDetection/SAMFollicleMasks/manual_check/Images/0503095_126.png,/home/Trachoma/annotated_data/FollicleDetection/SAMFollicleMasks/manual_check/Mask/0503095_126.png
/home/Trachoma/annotated_data/FollicleDetection/SAMFollicleMasks/manual_check/Images/0504021_92.png,/home/Trachoma/annotated_data/FollicleDetection/SAMFollicleMasks/manual_check/Mask/0504021_92.png
/home/Trachoma/annotated_data/FollicleDetection/SAMFollicleMasks/manual_check/Images/0504021_93.png,/home/Trachoma/annotated_data/FollicleDetection/SAMFollicleMasks/manual_check/Mask/0504021_93.png
/home/Trachoma/annotated_data/FollicleDetection/SAMFollicleMasks/manual_check/Images/0504066_19.png,/home/Trachoma/annotated_data/FollicleDetection/SAMFollicleMasks/manual_check/Mask/0504066_19.png
/home/Trachoma/annotated_data/FollicleDetection/SAMFollicleMasks/manual_check/Images/0504066_20.png,/home/Trachoma/annotated_data/FollicleDetection/SAMFollicleMasks/manual_check/Mask/0504066_20.png
/home/Trachoma/annotated_data/FollicleDetection/SAMFollicleMasks/manual_check/Images/0504086_75.png,/home/Trachoma/annotated_data/FollicleDetection/SAMFollicleMasks/manual_check/Mask/0504086_75.png
/home/Trachoma/annotated_data/FollicleDetection/SAMFollicleMasks/manual_check/Images/0504086_76.png,/home/Trachoma/annotated_data/FollicleDetection/SAMFollicleMasks/manual_check/Mask/0504086_76.png
/home/Trachoma/annotated_data/FollicleDetection/SAMFollicleMasks/manual_check/Images/0504092_91.png,/home/Trachoma/annotated_data/FollicleDetection/SAMFollicleMasks/manual_check/Mask/0504092_91.png
/home/Trachoma/annotated_data/FollicleDetection/SAMFollicleMasks/manual_check/Images/0504092_92.png,/home/Trachoma/annotated_data/FollicleDetection/SAMFollicleMasks/manual_check/Mask/0504092_92.png
/home/Trachoma/annotated_data/FollicleDetection/SAMFollicleMasks/manual_check/Images/0504099_109.png,/home/Trachoma/annotated_data/FollicleDetection/SAMFollicleMasks/manual_check/Mask/0504099_109.png
/home/Trachoma/annotated_data/FollicleDetection/SAMFollicleMasks/manual_check/Images/0504102_116.png,/home/Trachoma/annotated_data/FollicleDetection/SAMFollicleMasks/manual_check/Mask/0504102_116.png
/home/Trachoma/annotated_data/FollicleDetection/SAMFollicleMasks/manual_check/Images/0504102_117.png,/home/Trachoma/annotated_data/FollicleDetection/SAMFollicleMasks/manual_check/Mask/0504102_117.png
/home/Trachoma/annotated_data/FollicleDetection/SAMFollicleMasks/manual_check/Images/0504103_119.png,/home/Trachoma/annotated_data/FollicleDetection/SAMFollicleMasks/manual_check/Mask/0504103_119.png
/home/Trachoma/annotated_data/FollicleDetection/SAMFollicleMasks/manual_check/Images/0505012_173.png,/home/Trachoma/annotated_data/FollicleDetection/SAMFollicleMasks/manual_check/Mask/0505012_173.png
/home/Trachoma/annotated_data/FollicleDetection/SAMFollicleMasks/manual_check/Images/0505012_174.png,/home/Trachoma/annotated_data/FollicleDetection/SAMFollicleMasks/manual_check/Mask/0505012_174.png
/home/Trachoma/annotated_data/FollicleDetection/SAMFollicleMasks/manual_check/Images/0505038_74.png,/home/Trachoma/annotated_data/FollicleDetection/SAMFollicleMasks/manual_check/Mask/0505038_74.png
/home/Trachoma/annotated_data/FollicleDetection/SAMFollicleMasks/manual_check/Images/0505038_75.png,/home/Trachoma/annotated_data/FollicleDetection/SAMFollicleMasks/manual_check/Mask/0505038_75.png
/home/Trachoma/annotated_data/FollicleDetection/SAMFollicleMasks/manual_check/Images/0505063_149.png,/home/Trachoma/annotated_data/FollicleDetection/SAMFollicleMasks/manual_check/Mask/0505063_149.png
/home/Trachoma/annotated_data/FollicleDetection/SAMFollicleMasks/manual_check/Images/0505063_150.png,/home/Trachoma/annotated_data/FollicleDetection/SAMFollicleMasks/manual_check/Mask/0505063_150.png
/home/Trachoma/annotated_data/FollicleDetection/SAMFollicleMasks/manual_check/Images/0505063_151.png,/home/Trachoma/annotated_data/FollicleDetection/SAMFollicleMasks/manual_check/Mask/0505063_151.png
/home/Trachoma/annotated_data/FollicleDetection/SAMFollicleMasks/manual_check/Images/0505082_208.png,/home/Trachoma/annotated_data/FollicleDetection/SAMFollicleMasks/manual_check/Mask/0505082_208.png
/home/Trachoma/annotated_data/FollicleDetection/SAMFollicleMasks/manual_check/Images/0505094_34.png,/home/Trachoma/annotated_data/FollicleDetection/SAMFollicleMasks/manual_check/Mask/0505094_34.png
/home/Trachoma/annotated_data/FollicleDetection/SAMFollicleMasks/manual_check/Images/0505094_35.png,/home/Trachoma/annotated_data/FollicleDetection/SAMFollicleMasks/manual_check/Mask/0505094_35.png
/home/Trachoma/annotated_data/FollicleDetection/SAMFollicleMasks/manual_check/Images/0505108_77.png,/home/Trachoma/annotated_data/FollicleDetection/SAMFollicleMasks/manual_check/Mask/0505108_77.png
/home/Trachoma/annotated_data/FollicleDetection/SAMFollicleMasks/manual_check/Images/0505108_78.png,/home/Trachoma/annotated_data/FollicleDetection/SAMFollicleMasks/manual_check/Mask/0505108_78.png
/home/Trachoma/annotated_data/FollicleDetection/SAMFollicleMasks/manual_check/Images/0505108_79.png,/home/Trachoma/annotated_data/FollicleDetection/SAMFollicleMasks/manual_check/Mask/0505108_79.png
/home/Trachoma/annotated_data/FollicleDetection/SAMFollicleMasks/manual_check/Images/0506007_112.png,/home/Trachoma/annotated_data/FollicleDetection/SAMFollicleMasks/manual_check/Mask/0506007_112.png
/home/Trachoma/annotated_data/FollicleDetection/SAMFollicleMasks/manual_check/Images/0506007_113.png,/home/Trachoma/annotated_data/FollicleDetection/SAMFollicleMasks/manual_check/Mask/0506007_113.png
/home/Trachoma/annotated_data/FollicleDetection/SAMFollicleMasks/manual_check/Images/0506023_40.png,/home/Trachoma/annotated_data/FollicleDetection/SAMFollicleMasks/manual_check/Mask/0506023_40.png
/home/Trachoma/annotated_data/FollicleDetection/SAMFollicleMasks/manual_check/Images/0506023_41.png,/home/Trachoma/annotated_data/FollicleDetection/SAMFollicleMasks/manual_check/Mask/0506023_41.png
/home/Trachoma/annotated_data/FollicleDetection/SAMFollicleMasks/manual_check/Images/0506049_120.png,/home/Trachoma/annotated_data/FollicleDetection/SAMFollicleMasks/manual_check/Mask/0506049_120.png
/home/Trachoma/annotated_data/FollicleDetection/SAMFollicleMasks/manual_check/Images/0506049_121.png,/home/Trachoma/annotated_data/FollicleDetection/SAMFollicleMasks/manual_check/Mask/0506049_121.png
/home/Trachoma/annotated_data/FollicleDetection/SAMFollicleMasks/manual_check/Images/0506099_69.png,/home/Trachoma/annotated_data/FollicleDetection/SAMFollicleMasks/manual_check/Mask/0506099_69.png
/home/Trachoma/annotated_data/FollicleDetection/SAMFollicleMasks/manual_check/Images/0506099_70.png,/home/Trachoma/annotated_data/FollicleDetection/SAMFollicleMasks/manual_check/Mask/0506099_70.png
/home/Trachoma/annotated_data/FollicleDetection/SAMFollicleMasks/manual_check/Images/0506099_71.png,/home/Trachoma/annotated_data/FollicleDetection/SAMFollicleMasks/manual_check/Mask/0506099_71.png
/home/Trachoma/annotated_data/FollicleDetection/SAMFollicleMasks/manual_check/Images/0506108_100.png,/home/Trachoma/annotated_data/FollicleDetection/SAMFollicleMasks/manual_check/Mask/0506108_100.png
/home/Trachoma/annotated_data/FollicleDetection/SAMFollicleMasks/manual_check/Images/0506108_99.png,/home/Trachoma/annotated_data/FollicleDetection/SAMFollicleMasks/manual_check/Mask/0506108_99.png
/home/Trachoma/annotated_data/FollicleDetection/SAMFollicleMasks/manual_check/Images/0513005_123.png,/home/Trachoma/annotated_data/FollicleDetection/SAMFollicleMasks/manual_check/Mask/0513005_123.png
/home/Trachoma/annotated_data/FollicleDetection/SAMFollicleMasks/manual_check/Images/0513005_124.png,/home/Trachoma/annotated_data/FollicleDetection/SAMFollicleMasks/manual_check/Mask/0513005_124.png
/home/Trachoma/annotated_data/FollicleDetection/SAMFollicleMasks/manual_check/Images/0513041_86.png,/home/Trachoma/annotated_data/FollicleDetection/SAMFollicleMasks/manual_check/Mask/0513041_86.png
/home/Trachoma/annotated_data/FollicleDetection/SAMFollicleMasks/manual_check/Images/0513041_88.png,/home/Trachoma/annotated_data/FollicleDetection/SAMFollicleMasks/manual_check/Mask/0513041_88.png
/home/Trachoma/annotated_data/FollicleDetection/SAMFollicleMasks/manual_check/Images/0513077_192.png,/home/Trachoma/annotated_data/FollicleDetection/SAMFollicleMasks/manual_check/Mask/0513077_192.png
/home/Trachoma/annotated_data/FollicleDetection/SAMFollicleMasks/manual_check/Images/0513086_10.png,/home/Trachoma/annotated_data/FollicleDetection/SAMFollicleMasks/manual_check/Mask/0513086_10.png
/home/Trachoma/annotated_data/FollicleDetection/SAMFollicleMasks/manual_check/Images/0513086_11.png,/home/Trachoma/annotated_data/FollicleDetection/SAMFollicleMasks/manual_check/Mask/0513086_11.png
/home/Trachoma/annotated_data/FollicleDetection/SAMFollicleMasks/manual_check/Images/0513090_22.png,/home/Trachoma/annotated_data/FollicleDetection/SAMFollicleMasks/manual_check/Mask/0513090_22.png
/home/Trachoma/annotated_data/FollicleDetection/SAMFollicleMasks/manual_check/Images/0513090_23.png,/home/Trachoma/annotated_data/FollicleDetection/SAMFollicleMasks/manual_check/Mask/0513090_23.png
/home/Trachoma/annotated_data/FollicleDetection/SAMFollicleMasks/manual_check/Images/0514001_83.png,/home/Trachoma/annotated_data/FollicleDetection/SAMFollicleMasks/manual_check/Mask/0514001_83.png
/home/Trachoma/annotated_data/FollicleDetection/SAMFollicleMasks/manual_check/Images/0514001_84.png,/home/Trachoma/annotated_data/FollicleDetection/SAMFollicleMasks/manual_check/Mask/0514001_84.png
/home/Trachoma/annotated_data/FollicleDetection/SAMFollicleMasks/manual_check/Images/0514004_92.png,/home/Trachoma/annotated_data/FollicleDetection/SAMFollicleMasks/manual_check/Mask/0514004_92.png
/home/Trachoma/annotated_data/FollicleDetection/SAMFollicleMasks/manual_check/Images/0514004_93.png,/home/Trachoma/annotated_data/FollicleDetection/SAMFollicleMasks/manual_check/Mask/0514004_93.png
/home/Trachoma/annotated_data/FollicleDetection/SAMFollicleMasks/manual_check/Images/0514009_107.png,/home/Trachoma/annotated_data/FollicleDetection/SAMFollicleMasks/manual_check/Mask/0514009_107.png
/home/Trachoma/annotated_data/FollicleDetection/SAMFollicleMasks/manual_check/Images/0514009_108.png,/home/Trachoma/annotated_data/FollicleDetection/SAMFollicleMasks/manual_check/Mask/0514009_108.png
/home/Trachoma/annotated_data/FollicleDetection/SAMFollicleMasks/manual_check/Images/0514028_165.png,/home/Trachoma/annotated_data/FollicleDetection/SAMFollicleMasks/manual_check/Mask/0514028_165.png
/home/Trachoma/annotated_data/FollicleDetection/SAMFollicleMasks/manual_check/Images/0514028_166.png,/home/Trachoma/annotated_data/FollicleDetection/SAMFollicleMasks/manual_check/Mask/0514028_166.png
/home/Trachoma/annotated_data/FollicleDetection/SAMFollicleMasks/manual_check/Images/0514061_76.png,/home/Trachoma/annotated_data/FollicleDetection/SAMFollicleMasks/manual_check/Mask/0514061_76.png
/home/Trachoma/annotated_data/FollicleDetection/SAMFollicleMasks/manual_check/Images/0514062_79.png,/home/Trachoma/annotated_data/FollicleDetection/SAMFollicleMasks/manual_check/Mask/0514062_79.png
/home/Trachoma/annotated_data/FollicleDetection/SAMFollicleMasks/manual_check/Images/0514062_80.png,/home/Trachoma/annotated_data/FollicleDetection/SAMFollicleMasks/manual_check/Mask/0514062_80.png
/home/Trachoma/annotated_data/FollicleDetection/SAMFollicleMasks/manual_check/Images/0514062_81.png,/home/Trachoma/annotated_data/FollicleDetection/SAMFollicleMasks/manual_check/Mask/0514062_81.png
/home/Trachoma/annotated_data/FollicleDetection/SAMFollicleMasks/manual_check/Images/0514092_171.png,/home/Trachoma/annotated_data/FollicleDetection/SAMFollicleMasks/manual_check/Mask/0514092_171.png
/home/Trachoma/annotated_data/FollicleDetection/SAMFollicleMasks/manual_check/Images/0514092_172.png,/home/Trachoma/annotated_data/FollicleDetection/SAMFollicleMasks/manual_check/Mask/0514092_172.png
/home/Trachoma/annotated_data/FollicleDetection/SAMFollicleMasks/manual_check/Images/0514096_183.png,/home/Trachoma/annotated_data/FollicleDetection/SAMFollicleMasks/manual_check/Mask/0514096_183.png
/home/Trachoma/annotated_data/FollicleDetection/SAMFollicleMasks/manual_check/Images/0514096_184.png,/home/Trachoma/annotated_data/FollicleDetection/SAMFollicleMasks/manual_check/Mask/0514096_184.png
/home/Trachoma/annotated_data/FollicleDetection/SAMFollicleMasks/manual_check/Images/0514096_185.png,/home/Trachoma/annotated_data/FollicleDetection/SAMFollicleMasks/manual_check/Mask/0514096_185.png
/home/Trachoma/annotated_data/FollicleDetection/SAMFollicleMasks/manual_check/Images/0514107_10.png,/home/Trachoma/annotated_data/FollicleDetection/SAMFollicleMasks/manual_check/Mask/0514107_10.png
/home/Trachoma/annotated_data/FollicleDetection/SAMFollicleMasks/manual_check/Images/0514107_11.png,/home/Trachoma/annotated_data/FollicleDetection/SAMFollicleMasks/manual_check/Mask/0514107_11.png
/home/Trachoma/annotated_data/FollicleDetection/SAMFollicleMasks/manual_check/Images/0515012_57.png,/home/Trachoma/annotated_data/FollicleDetection/SAMFollicleMasks/manual_check/Mask/0515012_57.png
/home/Trachoma/annotated_data/FollicleDetection/SAMFollicleMasks/manual_check/Images/0515012_58.png,/home/Trachoma/annotated_data/FollicleDetection/SAMFollicleMasks/manual_check/Mask/0515012_58.png
/home/Trachoma/annotated_data/FollicleDetection/SAMFollicleMasks/manual_check/Images/0515026_104.png,/home/Trachoma/annotated_data/FollicleDetection/SAMFollicleMasks/manual_check/Mask/0515026_104.png
/home/Trachoma/annotated_data/FollicleDetection/SAMFollicleMasks/manual_check/Images/0515026_105.png,/home/Trachoma/annotated_data/FollicleDetection/SAMFollicleMasks/manual_check/Mask/0515026_105.png
/home/Trachoma/annotated_data/FollicleDetection/SAMFollicleMasks/manual_check/Images/0515037_16.png,/home/Trachoma/annotated_data/FollicleDetection/SAMFollicleMasks/manual_check/Mask/0515037_16.png
/home/Trachoma/annotated_data/FollicleDetection/SAMFollicleMasks/manual_check/Images/0515045_41.png,/home/Trachoma/annotated_data/FollicleDetection/SAMFollicleMasks/manual_check/Mask/0515045_41.png
/home/Trachoma/annotated_data/FollicleDetection/SAMFollicleMasks/manual_check/Images/0515045_42.png,/home/Trachoma/annotated_data/FollicleDetection/SAMFollicleMasks/manual_check/Mask/0515045_42.png
/home/Trachoma/annotated_data/FollicleDetection/SAMFollicleMasks/manual_check/Images/0515054_69.png,/home/Trachoma/annotated_data/FollicleDetection/SAMFollicleMasks/manual_check/Mask/0515054_69.png
/home/Trachoma/annotated_data/FollicleDetection/SAMFollicleMasks/manual_check/Images/0515054_70.png,/home/Trachoma/annotated_data/FollicleDetection/SAMFollicleMasks/manual_check/Mask/0515054_70.png
/home/Trachoma/annotated_data/FollicleDetection/SAMFollicleMasks/manual_check/Images/0515102_10.png,/home/Trachoma/annotated_data/FollicleDetection/SAMFollicleMasks/manual_check/Mask/0515102_10.png
/home/Trachoma/annotated_data/FollicleDetection/SAMFollicleMasks/manual_check/Images/0515102_11.png,/home/Trachoma/annotated_data/FollicleDetection/SAMFollicleMasks/manual_check/Mask/0515102_11.png
/home/Trachoma/annotated_data/FollicleDetection/SAMFollicleMasks/manual_check/Images/0515104_16.png,/home/Trachoma/annotated_data/FollicleDetection/SAMFollicleMasks/manual_check/Mask/0515104_16.png
/home/Trachoma/annotated_data/FollicleDetection/SAMFollicleMasks/manual_check/Images/0515104_17.png,/home/Trachoma/annotated_data/FollicleDetection/SAMFollicleMasks/manual_check/Mask/0515104_17.png
/home/Trachoma/annotated_data/FollicleDetection/SAMFollicleMasks/manual_check/Images/052.png,/home/Trachoma/annotated_data/FollicleDetection/SAMFollicleMasks/manual_check/Mask/052.png
/home/Trachoma/annotated_data/FollicleDetection/SAMFollicleMasks/manual_check/Images/0601007_510.png,/home/Trachoma/annotated_data/FollicleDetection/SAMFollicleMasks/manual_check/Mask/0601007_510.png
/home/Trachoma/annotated_data/FollicleDetection/SAMFollicleMasks/manual_check/Images/0601007_511.png,/home/Trachoma/annotated_data/FollicleDetection/SAMFollicleMasks/manual_check/Mask/0601007_511.png
/home/Trachoma/annotated_data/FollicleDetection/SAMFollicleMasks/manual_check/Images/0601011_520.png,/home/Trachoma/annotated_data/FollicleDetection/SAMFollicleMasks/manual_check/Mask/0601011_520.png
/home/Trachoma/annotated_data/FollicleDetection/SAMFollicleMasks/manual_check/Images/0601011_521.png,/home/Trachoma/annotated_data/FollicleDetection/SAMFollicleMasks/manual_check/Mask/0601011_521.png
/home/Trachoma/annotated_data/FollicleDetection/SAMFollicleMasks/manual_check/Images/0601032_569.png,/home/Trachoma/annotated_data/FollicleDetection/SAMFollicleMasks/manual_check/Mask/0601032_569.png
/home/Trachoma/annotated_data/FollicleDetection/SAMFollicleMasks/manual_check/Images/0601032_570.png,/home/Trachoma/annotated_data/FollicleDetection/SAMFollicleMasks/manual_check/Mask/0601032_570.png
/home/Trachoma/annotated_data/FollicleDetection/SAMFollicleMasks/manual_check/Images/0601040_588.png,/home/Trachoma/annotated_data/FollicleDetection/SAMFollicleMasks/manual_check/Mask/0601040_588.png
/home/Trachoma/annotated_data/FollicleDetection/SAMFollicleMasks/manual_check/Images/0601040_589.png,/home/Trachoma/annotated_data/FollicleDetection/SAMFollicleMasks/manual_check/Mask/0601040_589.png
/home/Trachoma/annotated_data/FollicleDetection/SAMFollicleMasks/manual_check/Images/0601053_618.png,/home/Trachoma/annotated_data/FollicleDetection/SAMFollicleMasks/manual_check/Mask/0601053_618.png
/home/Trachoma/annotated_data/FollicleDetection/SAMFollicleMasks/manual_check/Images/0601053_619.png,/home/Trachoma/annotated_data/FollicleDetection/SAMFollicleMasks/manual_check/Mask/0601053_619.png
/home/Trachoma/annotated_data/FollicleDetection/SAMFollicleMasks/manual_check/Images/0601057_0.png,/home/Trachoma/annotated_data/FollicleDetection/SAMFollicleMasks/manual_check/Mask/0601057_0.png
/home/Trachoma/annotated_data/FollicleDetection/SAMFollicleMasks/manual_check/Images/0601057_628.png,/home/Trachoma/annotated_data/FollicleDetection/SAMFollicleMasks/manual_check/Mask/0601057_628.png
/home/Trachoma/annotated_data/FollicleDetection/SAMFollicleMasks/manual_check/Images/0601081_56.png,/home/Trachoma/annotated_data/FollicleDetection/SAMFollicleMasks/manual_check/Mask/0601081_56.png
/home/Trachoma/annotated_data/FollicleDetection/SAMFollicleMasks/manual_check/Images/0601088_72.png,/home/Trachoma/annotated_data/FollicleDetection/SAMFollicleMasks/manual_check/Mask/0601088_72.png
/home/Trachoma/annotated_data/FollicleDetection/SAMFollicleMasks/manual_check/Images/0601092_83.png,/home/Trachoma/annotated_data/FollicleDetection/SAMFollicleMasks/manual_check/Mask/0601092_83.png
/home/Trachoma/annotated_data/FollicleDetection/SAMFollicleMasks/manual_check/Images/0601092_84.png,/home/Trachoma/annotated_data/FollicleDetection/SAMFollicleMasks/manual_check/Mask/0601092_84.png
/home/Trachoma/annotated_data/FollicleDetection/SAMFollicleMasks/manual_check/Images/0601100_108.png,/home/Trachoma/annotated_data/FollicleDetection/SAMFollicleMasks/manual_check/Mask/0601100_108.png
/home/Trachoma/annotated_data/FollicleDetection/SAMFollicleMasks/manual_check/Images/0601100_109.png,/home/Trachoma/annotated_data/FollicleDetection/SAMFollicleMasks/manual_check/Mask/0601100_109.png
/home/Trachoma/annotated_data/FollicleDetection/SAMFollicleMasks/manual_check/Images/0601104_120.png,/home/Trachoma/annotated_data/FollicleDetection/SAMFollicleMasks/manual_check/Mask/0601104_120.png
/home/Trachoma/annotated_data/FollicleDetection/SAMFollicleMasks/manual_check/Images/0601104_121.png,/home/Trachoma/annotated_data/FollicleDetection/SAMFollicleMasks/manual_check/Mask/0601104_121.png
/home/Trachoma/annotated_data/FollicleDetection/SAMFollicleMasks/manual_check/Images/0601104_122.png,/home/Trachoma/annotated_data/FollicleDetection/SAMFollicleMasks/manual_check/Mask/0601104_122.png
/home/Trachoma/annotated_data/FollicleDetection/SAMFollicleMasks/manual_check/Images/0601107_130.png,/home/Trachoma/annotated_data/FollicleDetection/SAMFollicleMasks/manual_check/Mask/0601107_130.png
/home/Trachoma/annotated_data/FollicleDetection/SAMFollicleMasks/manual_check/Images/0601107_131.png,/home/Trachoma/annotated_data/FollicleDetection/SAMFollicleMasks/manual_check/Mask/0601107_131.png
/home/Trachoma/annotated_data/FollicleDetection/SAMFollicleMasks/manual_check/Images/0602007_77.png,/home/Trachoma/annotated_data/FollicleDetection/SAMFollicleMasks/manual_check/Mask/0602007_77.png
/home/Trachoma/annotated_data/FollicleDetection/SAMFollicleMasks/manual_check/Images/0602007_78.png,/home/Trachoma/annotated_data/FollicleDetection/SAMFollicleMasks/manual_check/Mask/0602007_78.png
/home/Trachoma/annotated_data/FollicleDetection/SAMFollicleMasks/manual_check/Images/0602029_129.png,/home/Trachoma/annotated_data/FollicleDetection/SAMFollicleMasks/manual_check/Mask/0602029_129.png
/home/Trachoma/annotated_data/FollicleDetection/SAMFollicleMasks/manual_check/Images/0602029_130.png,/home/Trachoma/annotated_data/FollicleDetection/SAMFollicleMasks/manual_check/Mask/0602029_130.png
/home/Trachoma/annotated_data/FollicleDetection/SAMFollicleMasks/manual_check/Images/0602057_194.png,/home/Trachoma/annotated_data/FollicleDetection/SAMFollicleMasks/manual_check/Mask/0602057_194.png
/home/Trachoma/annotated_data/FollicleDetection/SAMFollicleMasks/manual_check/Images/0602057_195.png,/home/Trachoma/annotated_data/FollicleDetection/SAMFollicleMasks/manual_check/Mask/0602057_195.png
/home/Trachoma/annotated_data/FollicleDetection/SAMFollicleMasks/manual_check/Images/0602060_202.png,/home/Trachoma/annotated_data/FollicleDetection/SAMFollicleMasks/manual_check/Mask/0602060_202.png
/home/Trachoma/annotated_data/FollicleDetection/SAMFollicleMasks/manual_check/Images/0602071_227.png,/home/Trachoma/annotated_data/FollicleDetection/SAMFollicleMasks/manual_check/Mask/0602071_227.png
/home/Trachoma/annotated_data/FollicleDetection/SAMFollicleMasks/manual_check/Images/0602076_237.png,/home/Trachoma/annotated_data/FollicleDetection/SAMFollicleMasks/manual_check/Mask/0602076_237.png
/home/Trachoma/annotated_data/FollicleDetection/SAMFollicleMasks/manual_check/Images/0602076_238.png,/home/Trachoma/annotated_data/FollicleDetection/SAMFollicleMasks/manual_check/Mask/0602076_238.png
/home/Trachoma/annotated_data/FollicleDetection/SAMFollicleMasks/manual_check/Images/0602094_283.png,/home/Trachoma/annotated_data/FollicleDetection/SAMFollicleMasks/manual_check/Mask/0602094_283.png
/home/Trachoma/annotated_data/FollicleDetection/SAMFollicleMasks/manual_check/Images/0602094_284.png,/home/Trachoma/annotated_data/FollicleDetection/SAMFollicleMasks/manual_check/Mask/0602094_284.png
/home/Trachoma/annotated_data/FollicleDetection/SAMFollicleMasks/manual_check/Images/0602096_289.png,/home/Trachoma/annotated_data/FollicleDetection/SAMFollicleMasks/manual_check/Mask/0602096_289.png
/home/Trachoma/annotated_data/FollicleDetection/SAMFollicleMasks/manual_check/Images/0602096_290.png,/home/Trachoma/annotated_data/FollicleDetection/SAMFollicleMasks/manual_check/Mask/0602096_290.png
/home/Trachoma/annotated_data/FollicleDetection/SAMFollicleMasks/manual_check/Images/0602103_310.png,/home/Trachoma/annotated_data/FollicleDetection/SAMFollicleMasks/manual_check/Mask/0602103_310.png
/home/Trachoma/annotated_data/FollicleDetection/SAMFollicleMasks/manual_check/Images/0602103_311.png,/home/Trachoma/annotated_data/FollicleDetection/SAMFollicleMasks/manual_check/Mask/0602103_311.png
/home/Trachoma/annotated_data/FollicleDetection/SAMFollicleMasks/manual_check/Images/0602107_146.png,/home/Trachoma/annotated_data/FollicleDetection/SAMFollicleMasks/manual_check/Mask/0602107_146.png
/home/Trachoma/annotated_data/FollicleDetection/SAMFollicleMasks/manual_check/Images/0602107_147.png,/home/Trachoma/annotated_data/FollicleDetection/SAMFollicleMasks/manual_check/Mask/0602107_147.png
/home/Trachoma/annotated_data/FollicleDetection/SAMFollicleMasks/manual_check/Images/0603009_624.png,/home/Trachoma/annotated_data/FollicleDetection/SAMFollicleMasks/manual_check/Mask/0603009_624.png
/home/Trachoma/annotated_data/FollicleDetection/SAMFollicleMasks/manual_check/Images/0603009_625.png,/home/Trachoma/annotated_data/FollicleDetection/SAMFollicleMasks/manual_check/Mask/0603009_625.png
/home/Trachoma/annotated_data/FollicleDetection/SAMFollicleMasks/manual_check/Images/0603011_629.png,/home/Trachoma/annotated_data/FollicleDetection/SAMFollicleMasks/manual_check/Mask/0603011_629.png
/home/Trachoma/annotated_data/FollicleDetection/SAMFollicleMasks/manual_check/Images/0603011_630.png,/home/Trachoma/annotated_data/FollicleDetection/SAMFollicleMasks/manual_check/Mask/0603011_630.png
/home/Trachoma/annotated_data/FollicleDetection/SAMFollicleMasks/manual_check/Images/0603023_655.png,/home/Trachoma/annotated_data/FollicleDetection/SAMFollicleMasks/manual_check/Mask/0603023_655.png
/home/Trachoma/annotated_data/FollicleDetection/SAMFollicleMasks/manual_check/Images/0603023_656.png,/home/Trachoma/annotated_data/FollicleDetection/SAMFollicleMasks/manual_check/Mask/0603023_656.png
/home/Trachoma/annotated_data/FollicleDetection/SAMFollicleMasks/manual_check/Images/0603024_658.png,/home/Trachoma/annotated_data/FollicleDetection/SAMFollicleMasks/manual_check/Mask/0603024_658.png
/home/Trachoma/annotated_data/FollicleDetection/SAMFollicleMasks/manual_check/Images/0603024_659.png,/home/Trachoma/annotated_data/FollicleDetection/SAMFollicleMasks/manual_check/Mask/0603024_659.png
/home/Trachoma/annotated_data/FollicleDetection/SAMFollicleMasks/manual_check/Images/0603028_667.png,/home/Trachoma/annotated_data/FollicleDetection/SAMFollicleMasks/manual_check/Mask/0603028_667.png
/home/Trachoma/annotated_data/FollicleDetection/SAMFollicleMasks/manual_check/Images/0603028_668.png,/home/Trachoma/annotated_data/FollicleDetection/SAMFollicleMasks/manual_check/Mask/0603028_668.png
/home/Trachoma/annotated_data/FollicleDetection/SAMFollicleMasks/manual_check/Images/0603037_688.png,/home/Trachoma/annotated_data/FollicleDetection/SAMFollicleMasks/manual_check/Mask/0603037_688.png
/home/Trachoma/annotated_data/FollicleDetection/SAMFollicleMasks/manual_check/Images/0603037_689.png,/home/Trachoma/annotated_data/FollicleDetection/SAMFollicleMasks/manual_check/Mask/0603037_689.png
/home/Trachoma/annotated_data/FollicleDetection/SAMFollicleMasks/manual_check/Images/0603044_704.png,/home/Trachoma/annotated_data/FollicleDetection/SAMFollicleMasks/manual_check/Mask/0603044_704.png
/home/Trachoma/annotated_data/FollicleDetection/SAMFollicleMasks/manual_check/Images/0603045_709.png,/home/Trachoma/annotated_data/FollicleDetection/SAMFollicleMasks/manual_check/Mask/0603045_709.png
/home/Trachoma/annotated_data/FollicleDetection/SAMFollicleMasks/manual_check/Images/0603052_724.png,/home/Trachoma/annotated_data/FollicleDetection/SAMFollicleMasks/manual_check/Mask/0603052_724.png
/home/Trachoma/annotated_data/FollicleDetection/SAMFollicleMasks/manual_check/Images/0603052_725.png,/home/Trachoma/annotated_data/FollicleDetection/SAMFollicleMasks/manual_check/Mask/0603052_725.png
/home/Trachoma/annotated_data/FollicleDetection/SAMFollicleMasks/manual_check/Images/0603075_777.png,/home/Trachoma/annotated_data/FollicleDetection/SAMFollicleMasks/manual_check/Mask/0603075_777.png
/home/Trachoma/annotated_data/FollicleDetection/SAMFollicleMasks/manual_check/Images/0603075_778.png,/home/Trachoma/annotated_data/FollicleDetection/SAMFollicleMasks/manual_check/Mask/0603075_778.png
/home/Trachoma/annotated_data/FollicleDetection/SAMFollicleMasks/manual_check/Images/0603085_800.png,/home/Trachoma/annotated_data/FollicleDetection/SAMFollicleMasks/manual_check/Mask/0603085_800.png
/home/Trachoma/annotated_data/FollicleDetection/SAMFollicleMasks/manual_check/Images/0603102_480.png,/home/Trachoma/annotated_data/FollicleDetection/SAMFollicleMasks/manual_check/Mask/0603102_480.png
/home/Trachoma/annotated_data/FollicleDetection/SAMFollicleMasks/manual_check/Images/0603102_481.png,/home/Trachoma/annotated_data/FollicleDetection/SAMFollicleMasks/manual_check/Mask/0603102_481.png
/home/Trachoma/annotated_data/FollicleDetection/SAMFollicleMasks/manual_check/Images/060333001631_111519_121704_R.png,/home/Trachoma/annotated_data/FollicleDetection/SAMFollicleMasks/manual_check/Mask/060333001631_111519_121704_R.png
/home/Trachoma/annotated_data/FollicleDetection/SAMFollicleMasks/manual_check/Images/060333001631_111519_121730_L.png,/home/Trachoma/annotated_data/FollicleDetection/SAMFollicleMasks/manual_check/Mask/060333001631_111519_121730_L.png
/home/Trachoma/annotated_data/FollicleDetection/SAMFollicleMasks/manual_check/Images/060333001648_111519_121939_R.png,/home/Trachoma/annotated_data/FollicleDetection/SAMFollicleMasks/manual_check/Mask/060333001648_111519_121939_R.png
/home/Trachoma/annotated_data/FollicleDetection/SAMFollicleMasks/manual_check/Images/060333001662_111519_122819_L.png,/home/Trachoma/annotated_data/FollicleDetection/SAMFollicleMasks/manual_check/Mask/060333001662_111519_122819_L.png
/home/Trachoma/annotated_data/FollicleDetection/SAMFollicleMasks/manual_check/Images/060333001839_111519_015842_L.png,/home/Trachoma/annotated_data/FollicleDetection/SAMFollicleMasks/manual_check/Mask/060333001839_111519_015842_L.png
/home/Trachoma/annotated_data/FollicleDetection/SAMFollicleMasks/manual_check/Images/060333002478_111219_035251_R.png,/home/Trachoma/annotated_data/FollicleDetection/SAMFollicleMasks/manual_check/Mask/060333002478_111219_035251_R.png
/home/Trachoma/annotated_data/FollicleDetection/SAMFollicleMasks/manual_check/Images/060333002843_111419_091204_R.png,/home/Trachoma/annotated_data/FollicleDetection/SAMFollicleMasks/manual_check/Mask/060333002843_111419_091204_R.png
/home/Trachoma/annotated_data/FollicleDetection/SAMFollicleMasks/manual_check/Images/060333002843_111419_091250_L.png,/home/Trachoma/annotated_data/FollicleDetection/SAMFollicleMasks/manual_check/Mask/060333002843_111419_091250_L.png
/home/Trachoma/annotated_data/FollicleDetection/SAMFollicleMasks/manual_check/Images/060333002898_111419_101911_R.png,/home/Trachoma/annotated_data/FollicleDetection/SAMFollicleMasks/manual_check/Mask/060333002898_111419_101911_R.png
/home/Trachoma/annotated_data/FollicleDetection/SAMFollicleMasks/manual_check/Images/060333003291_111519_012142_L.png,/home/Trachoma/annotated_data/FollicleDetection/SAMFollicleMasks/manual_check/Mask/060333003291_111519_012142_L.png
/home/Trachoma/annotated_data/FollicleDetection/SAMFollicleMasks/manual_check/Images/060333003819_111819_050912_R.png,/home/Trachoma/annotated_data/FollicleDetection/SAMFollicleMasks/manual_check/Mask/060333003819_111819_050912_R.png
/home/Trachoma/annotated_data/FollicleDetection/SAMFollicleMasks/manual_check/Images/060333003819_111819_050956_L.png,/home/Trachoma/annotated_data/FollicleDetection/SAMFollicleMasks/manual_check/Mask/060333003819_111819_050956_L.png
/home/Trachoma/annotated_data/FollicleDetection/SAMFollicleMasks/manual_check/Images/060333004502_112119_124141_R.png,/home/Trachoma/annotated_data/FollicleDetection/SAMFollicleMasks/manual_check/Mask/060333004502_112119_124141_R.png
/home/Trachoma/annotated_data/FollicleDetection/SAMFollicleMasks/manual_check/Images/060333004649_112119_035133_R.png,/home/Trachoma/annotated_data/FollicleDetection/SAMFollicleMasks/manual_check/Mask/060333004649_112119_035133_R.png
/home/Trachoma/annotated_data/FollicleDetection/SAMFollicleMasks/manual_check/Images/060333004656_112119_035317_L.png,/home/Trachoma/annotated_data/FollicleDetection/SAMFollicleMasks/manual_check/Mask/060333004656_112119_035317_L.png
/home/Trachoma/annotated_data/FollicleDetection/SAMFollicleMasks/manual_check/Images/060333004663_112119_035847_R.png,/home/Trachoma/annotated_data/FollicleDetection/SAMFollicleMasks/manual_check/Mask/060333004663_112119_035847_R.png
/home/Trachoma/annotated_data/FollicleDetection/SAMFollicleMasks/manual_check/Images/060333005967_111419_100112_L.png,/home/Trachoma/annotated_data/FollicleDetection/SAMFollicleMasks/manual_check/Mask/060333005967_111419_100112_L.png
/home/Trachoma/annotated_data/FollicleDetection/SAMFollicleMasks/manual_check/Images/060333006025_111419_123648_R.png,/home/Trachoma/annotated_data/FollicleDetection/SAMFollicleMasks/manual_check/Mask/060333006025_111419_123648_R.png
/home/Trachoma/annotated_data/FollicleDetection/SAMFollicleMasks/manual_check/Images/060333006025_111419_123716_L.png,/home/Trachoma/annotated_data/FollicleDetection/SAMFollicleMasks/manual_check/Mask/060333006025_111419_123716_L.png
/home/Trachoma/annotated_data/FollicleDetection/SAMFollicleMasks/manual_check/Images/060333006056_111419_125649_R.png,/home/Trachoma/annotated_data/FollicleDetection/SAMFollicleMasks/manual_check/Mask/060333006056_111419_125649_R.png
/home/Trachoma/annotated_data/FollicleDetection/SAMFollicleMasks/manual_check/Images/060333006056_111419_125712_L.png,/home/Trachoma/annotated_data/FollicleDetection/SAMFollicleMasks/manual_check/Mask/060333006056_111419_125712_L.png
/home/Trachoma/annotated_data/FollicleDetection/SAMFollicleMasks/manual_check/Images/060333007145_111719_112603_R.png,/home/Trachoma/annotated_data/FollicleDetection/SAMFollicleMasks/manual_check/Mask/060333007145_111719_112603_R.png
/home/Trachoma/annotated_data/FollicleDetection/SAMFollicleMasks/manual_check/Images/060333007145_111719_112630_L.png,/home/Trachoma/annotated_data/FollicleDetection/SAMFollicleMasks/manual_check/Mask/060333007145_111719_112630_L.png
/home/Trachoma/annotated_data/FollicleDetection/SAMFollicleMasks/manual_check/Images/060333007183_111719_114409_L.png,/home/Trachoma/annotated_data/FollicleDetection/SAMFollicleMasks/manual_check/Mask/060333007183_111719_114409_L.png
/home/Trachoma/annotated_data/FollicleDetection/SAMFollicleMasks/manual_check/Images/060333007237_111719_122920_L.png,/home/Trachoma/annotated_data/FollicleDetection/SAMFollicleMasks/manual_check/Mask/060333007237_111719_122920_L.png
/home/Trachoma/annotated_data/FollicleDetection/SAMFollicleMasks/manual_check/Images/060333007459_111719_032541_R.png,/home/Trachoma/annotated_data/FollicleDetection/SAMFollicleMasks/manual_check/Mask/060333007459_111719_032541_R.png
/home/Trachoma/annotated_data/FollicleDetection/SAMFollicleMasks/manual_check/Images/060333007770_112219_015007_R.png,/home/Trachoma/annotated_data/FollicleDetection/SAMFollicleMasks/manual_check/Mask/060333007770_112219_015007_R.png
/home/Trachoma/annotated_data/FollicleDetection/SAMFollicleMasks/manual_check/Images/060333007770_112219_015056_L.png,/home/Trachoma/annotated_data/FollicleDetection/SAMFollicleMasks/manual_check/Mask/060333007770_112219_015056_L.png
/home/Trachoma/annotated_data/FollicleDetection/SAMFollicleMasks/manual_check/Images/060333007787_112219_015346_R.png,/home/Trachoma/annotated_data/FollicleDetection/SAMFollicleMasks/manual_check/Mask/060333007787_112219_015346_R.png
/home/Trachoma/annotated_data/FollicleDetection/SAMFollicleMasks/manual_check/Images/060333007787_112219_015411_L.png,/home/Trachoma/annotated_data/FollicleDetection/SAMFollicleMasks/manual_check/Mask/060333007787_112219_015411_L.png
/home/Trachoma/annotated_data/FollicleDetection/SAMFollicleMasks/manual_check/Images/060333009842_111819_100914_L.png,/home/Trachoma/annotated_data/FollicleDetection/SAMFollicleMasks/manual_check/Mask/060333009842_111819_100914_L.png
/home/Trachoma/annotated_data/FollicleDetection/SAMFollicleMasks/manual_check/Images/060333010022_111819_115819_L.png,/home/Trachoma/annotated_data/FollicleDetection/SAMFollicleMasks/manual_check/Mask/060333010022_111819_115819_L.png
/home/Trachoma/annotated_data/FollicleDetection/SAMFollicleMasks/manual_check/Images/060333010091_111819_125438_L.png,/home/Trachoma/annotated_data/FollicleDetection/SAMFollicleMasks/manual_check/Mask/060333010091_111819_125438_L.png
/home/Trachoma/annotated_data/FollicleDetection/SAMFollicleMasks/manual_check/Images/060333012316_111719_024812_R.png,/home/Trachoma/annotated_data/FollicleDetection/SAMFollicleMasks/manual_check/Mask/060333012316_111719_024812_R.png
/home/Trachoma/annotated_data/FollicleDetection/SAMFollicleMasks/manual_check/Images/060333012316_111719_025015_L.png,/home/Trachoma/annotated_data/FollicleDetection/SAMFollicleMasks/manual_check/Mask/060333012316_111719_025015_L.png
/home/Trachoma/annotated_data/FollicleDetection/SAMFollicleMasks/manual_check/Images/060333013788_123117_103651_R.png,/home/Trachoma/annotated_data/FollicleDetection/SAMFollicleMasks/manual_check/Mask/060333013788_123117_103651_R.png
/home/Trachoma/annotated_data/FollicleDetection/SAMFollicleMasks/manual_check/Images/060333013900_010118_121157_R.png,/home/Trachoma/annotated_data/FollicleDetection/SAMFollicleMasks/manual_check/Mask/060333013900_010118_121157_R.png
/home/Trachoma/annotated_data/FollicleDetection/SAMFollicleMasks/manual_check/Images/060333013900_010118_121217_L.png,/home/Trachoma/annotated_data/FollicleDetection/SAMFollicleMasks/manual_check/Mask/060333013900_010118_121217_L.png
/home/Trachoma/annotated_data/FollicleDetection/SAMFollicleMasks/manual_check/Images/0604017_39.png,/home/Trachoma/annotated_data/FollicleDetection/SAMFollicleMasks/manual_check/Mask/0604017_39.png
/home/Trachoma/annotated_data/FollicleDetection/SAMFollicleMasks/manual_check/Images/0604017_40.png,/home/Trachoma/annotated_data/FollicleDetection/SAMFollicleMasks/manual_check/Mask/0604017_40.png
/home/Trachoma/annotated_data/FollicleDetection/SAMFollicleMasks/manual_check/Images/0604018_42.png,/home/Trachoma/annotated_data/FollicleDetection/SAMFollicleMasks/manual_check/Mask/0604018_42.png
/home/Trachoma/annotated_data/FollicleDetection/SAMFollicleMasks/manual_check/Images/0604018_43.png,/home/Trachoma/annotated_data/FollicleDetection/SAMFollicleMasks/manual_check/Mask/0604018_43.png
/home/Trachoma/annotated_data/FollicleDetection/SAMFollicleMasks/manual_check/Images/0604035_83.png,/home/Trachoma/annotated_data/FollicleDetection/SAMFollicleMasks/manual_check/Mask/0604035_83.png
/home/Trachoma/annotated_data/FollicleDetection/SAMFollicleMasks/manual_check/Images/0604035_84.png,/home/Trachoma/annotated_data/FollicleDetection/SAMFollicleMasks/manual_check/Mask/0604035_84.png
/home/Trachoma/annotated_data/FollicleDetection/SAMFollicleMasks/manual_check/Images/0604104_259.png,/home/Trachoma/annotated_data/FollicleDetection/SAMFollicleMasks/manual_check/Mask/0604104_259.png
/home/Trachoma/annotated_data/FollicleDetection/SAMFollicleMasks/manual_check/Images/0604104_260.png,/home/Trachoma/annotated_data/FollicleDetection/SAMFollicleMasks/manual_check/Mask/0604104_260.png
/home/Trachoma/annotated_data/FollicleDetection/SAMFollicleMasks/manual_check/Images/0604110_275.png,/home/Trachoma/annotated_data/FollicleDetection/SAMFollicleMasks/manual_check/Mask/0604110_275.png
/home/Trachoma/annotated_data/FollicleDetection/SAMFollicleMasks/manual_check/Images/0604110_276.png,/home/Trachoma/annotated_data/FollicleDetection/SAMFollicleMasks/manual_check/Mask/0604110_276.png
/home/Trachoma/annotated_data/FollicleDetection/SAMFollicleMasks/manual_check/Images/0605006_165.png,/home/Trachoma/annotated_data/FollicleDetection/SAMFollicleMasks/manual_check/Mask/0605006_165.png
/home/Trachoma/annotated_data/FollicleDetection/SAMFollicleMasks/manual_check/Images/0605024_212.png,/home/Trachoma/annotated_data/FollicleDetection/SAMFollicleMasks/manual_check/Mask/0605024_212.png
/home/Trachoma/annotated_data/FollicleDetection/SAMFollicleMasks/manual_check/Images/0605024_213.png,/home/Trachoma/annotated_data/FollicleDetection/SAMFollicleMasks/manual_check/Mask/0605024_213.png
/home/Trachoma/annotated_data/FollicleDetection/SAMFollicleMasks/manual_check/Images/0605028_221.png,/home/Trachoma/annotated_data/FollicleDetection/SAMFollicleMasks/manual_check/Mask/0605028_221.png
/home/Trachoma/annotated_data/FollicleDetection/SAMFollicleMasks/manual_check/Images/0605028_222.png,/home/Trachoma/annotated_data/FollicleDetection/SAMFollicleMasks/manual_check/Mask/0605028_222.png
/home/Trachoma/annotated_data/FollicleDetection/SAMFollicleMasks/manual_check/Images/0605033_234.png,/home/Trachoma/annotated_data/FollicleDetection/SAMFollicleMasks/manual_check/Mask/0605033_234.png
/home/Trachoma/annotated_data/FollicleDetection/SAMFollicleMasks/manual_check/Images/0605033_235.png,/home/Trachoma/annotated_data/FollicleDetection/SAMFollicleMasks/manual_check/Mask/0605033_235.png
/home/Trachoma/annotated_data/FollicleDetection/SAMFollicleMasks/manual_check/Images/0605061_298.png,/home/Trachoma/annotated_data/FollicleDetection/SAMFollicleMasks/manual_check/Mask/0605061_298.png
/home/Trachoma/annotated_data/FollicleDetection/SAMFollicleMasks/manual_check/Images/0605061_299.png,/home/Trachoma/annotated_data/FollicleDetection/SAMFollicleMasks/manual_check/Mask/0605061_299.png
/home/Trachoma/annotated_data/FollicleDetection/SAMFollicleMasks/manual_check/Images/0605062_301.png,/home/Trachoma/annotated_data/FollicleDetection/SAMFollicleMasks/manual_check/Mask/0605062_301.png
/home/Trachoma/annotated_data/FollicleDetection/SAMFollicleMasks/manual_check/Images/0605062_302.png,/home/Trachoma/annotated_data/FollicleDetection/SAMFollicleMasks/manual_check/Mask/0605062_302.png
/home/Trachoma/annotated_data/FollicleDetection/SAMFollicleMasks/manual_check/Images/0605077_337.png,/home/Trachoma/annotated_data/FollicleDetection/SAMFollicleMasks/manual_check/Mask/0605077_337.png
/home/Trachoma/annotated_data/FollicleDetection/SAMFollicleMasks/manual_check/Images/0605087_359.png,/home/Trachoma/annotated_data/FollicleDetection/SAMFollicleMasks/manual_check/Mask/0605087_359.png
/home/Trachoma/annotated_data/FollicleDetection/SAMFollicleMasks/manual_check/Images/0605088_361.png,/home/Trachoma/annotated_data/FollicleDetection/SAMFollicleMasks/manual_check/Mask/0605088_361.png
/home/Trachoma/annotated_data/FollicleDetection/SAMFollicleMasks/manual_check/Images/0605088_362.png,/home/Trachoma/annotated_data/FollicleDetection/SAMFollicleMasks/manual_check/Mask/0605088_362.png
/home/Trachoma/annotated_data/FollicleDetection/SAMFollicleMasks/manual_check/Images/0605093_376.png,/home/Trachoma/annotated_data/FollicleDetection/SAMFollicleMasks/manual_check/Mask/0605093_376.png
/home/Trachoma/annotated_data/FollicleDetection/SAMFollicleMasks/manual_check/Images/0605093_377.png,/home/Trachoma/annotated_data/FollicleDetection/SAMFollicleMasks/manual_check/Mask/0605093_377.png
/home/Trachoma/annotated_data/FollicleDetection/SAMFollicleMasks/manual_check/Images/0605096_379.png,/home/Trachoma/annotated_data/FollicleDetection/SAMFollicleMasks/manual_check/Mask/0605096_379.png
/home/Trachoma/annotated_data/FollicleDetection/SAMFollicleMasks/manual_check/Images/0605096_380.png,/home/Trachoma/annotated_data/FollicleDetection/SAMFollicleMasks/manual_check/Mask/0605096_380.png
/home/Trachoma/annotated_data/FollicleDetection/SAMFollicleMasks/manual_check/Images/0605099_394.png,/home/Trachoma/annotated_data/FollicleDetection/SAMFollicleMasks/manual_check/Mask/0605099_394.png
/home/Trachoma/annotated_data/FollicleDetection/SAMFollicleMasks/manual_check/Images/0605099_395.png,/home/Trachoma/annotated_data/FollicleDetection/SAMFollicleMasks/manual_check/Mask/0605099_395.png
/home/Trachoma/annotated_data/FollicleDetection/SAMFollicleMasks/manual_check/Images/0605108_422.png,/home/Trachoma/annotated_data/FollicleDetection/SAMFollicleMasks/manual_check/Mask/0605108_422.png
/home/Trachoma/annotated_data/FollicleDetection/SAMFollicleMasks/manual_check/Images/0605108_423.png,/home/Trachoma/annotated_data/FollicleDetection/SAMFollicleMasks/manual_check/Mask/0605108_423.png
/home/Trachoma/annotated_data/FollicleDetection/SAMFollicleMasks/manual_check/Images/0605108_424.png,/home/Trachoma/annotated_data/FollicleDetection/SAMFollicleMasks/manual_check/Mask/0605108_424.png
/home/Trachoma/annotated_data/FollicleDetection/SAMFollicleMasks/manual_check/Images/0605109_426.png,/home/Trachoma/annotated_data/FollicleDetection/SAMFollicleMasks/manual_check/Mask/0605109_426.png
/home/Trachoma/annotated_data/FollicleDetection/SAMFollicleMasks/manual_check/Images/0606017_593.png,/home/Trachoma/annotated_data/FollicleDetection/SAMFollicleMasks/manual_check/Mask/0606017_593.png
/home/Trachoma/annotated_data/FollicleDetection/SAMFollicleMasks/manual_check/Images/0606025_614.png,/home/Trachoma/annotated_data/FollicleDetection/SAMFollicleMasks/manual_check/Mask/0606025_614.png
/home/Trachoma/annotated_data/FollicleDetection/SAMFollicleMasks/manual_check/Images/0606025_615.png,/home/Trachoma/annotated_data/FollicleDetection/SAMFollicleMasks/manual_check/Mask/0606025_615.png
/home/Trachoma/annotated_data/FollicleDetection/SAMFollicleMasks/manual_check/Images/0606044_662.png,/home/Trachoma/annotated_data/FollicleDetection/SAMFollicleMasks/manual_check/Mask/0606044_662.png
/home/Trachoma/annotated_data/FollicleDetection/SAMFollicleMasks/manual_check/Images/0606044_663.png,/home/Trachoma/annotated_data/FollicleDetection/SAMFollicleMasks/manual_check/Mask/0606044_663.png
/home/Trachoma/annotated_data/FollicleDetection/SAMFollicleMasks/manual_check/Images/0606051_680.png,/home/Trachoma/annotated_data/FollicleDetection/SAMFollicleMasks/manual_check/Mask/0606051_680.png
/home/Trachoma/annotated_data/FollicleDetection/SAMFollicleMasks/manual_check/Images/0606051_681.png,/home/Trachoma/annotated_data/FollicleDetection/SAMFollicleMasks/manual_check/Mask/0606051_681.png
/home/Trachoma/annotated_data/FollicleDetection/SAMFollicleMasks/manual_check/Images/0606057_695.png,/home/Trachoma/annotated_data/FollicleDetection/SAMFollicleMasks/manual_check/Mask/0606057_695.png
/home/Trachoma/annotated_data/FollicleDetection/SAMFollicleMasks/manual_check/Images/0606058_698.png,/home/Trachoma/annotated_data/FollicleDetection/SAMFollicleMasks/manual_check/Mask/0606058_698.png
/home/Trachoma/annotated_data/FollicleDetection/SAMFollicleMasks/manual_check/Images/0606058_699.png,/home/Trachoma/annotated_data/FollicleDetection/SAMFollicleMasks/manual_check/Mask/0606058_699.png
/home/Trachoma/annotated_data/FollicleDetection/SAMFollicleMasks/manual_check/Images/0606093_23.png,/home/Trachoma/annotated_data/FollicleDetection/SAMFollicleMasks/manual_check/Mask/0606093_23.png
/home/Trachoma/annotated_data/FollicleDetection/SAMFollicleMasks/manual_check/Images/0606093_24.png,/home/Trachoma/annotated_data/FollicleDetection/SAMFollicleMasks/manual_check/Mask/0606093_24.png
/home/Trachoma/annotated_data/FollicleDetection/SAMFollicleMasks/manual_check/Images/0614002_40.png,/home/Trachoma/annotated_data/FollicleDetection/SAMFollicleMasks/manual_check/Mask/0614002_40.png
/home/Trachoma/annotated_data/FollicleDetection/SAMFollicleMasks/manual_check/Images/0614002_41.png,/home/Trachoma/annotated_data/FollicleDetection/SAMFollicleMasks/manual_check/Mask/0614002_41.png
/home/Trachoma/annotated_data/FollicleDetection/SAMFollicleMasks/manual_check/Images/0614010_59.png,/home/Trachoma/annotated_data/FollicleDetection/SAMFollicleMasks/manual_check/Mask/0614010_59.png
/home/Trachoma/annotated_data/FollicleDetection/SAMFollicleMasks/manual_check/Images/0614010_60.png,/home/Trachoma/annotated_data/FollicleDetection/SAMFollicleMasks/manual_check/Mask/0614010_60.png
/home/Trachoma/annotated_data/FollicleDetection/SAMFollicleMasks/manual_check/Images/0614023_90.png,/home/Trachoma/annotated_data/FollicleDetection/SAMFollicleMasks/manual_check/Mask/0614023_90.png
/home/Trachoma/annotated_data/FollicleDetection/SAMFollicleMasks/manual_check/Images/0614023_91.png,/home/Trachoma/annotated_data/FollicleDetection/SAMFollicleMasks/manual_check/Mask/0614023_91.png
/home/Trachoma/annotated_data/FollicleDetection/SAMFollicleMasks/manual_check/Images/0614042_133.png,/home/Trachoma/annotated_data/FollicleDetection/SAMFollicleMasks/manual_check/Mask/0614042_133.png
/home/Trachoma/annotated_data/FollicleDetection/SAMFollicleMasks/manual_check/Images/0614042_134.png,/home/Trachoma/annotated_data/FollicleDetection/SAMFollicleMasks/manual_check/Mask/0614042_134.png
/home/Trachoma/annotated_data/FollicleDetection/SAMFollicleMasks/manual_check/Images/0614043_136.png,/home/Trachoma/annotated_data/FollicleDetection/SAMFollicleMasks/manual_check/Mask/0614043_136.png
/home/Trachoma/annotated_data/FollicleDetection/SAMFollicleMasks/manual_check/Images/0614043_137.png,/home/Trachoma/annotated_data/FollicleDetection/SAMFollicleMasks/manual_check/Mask/0614043_137.png
/home/Trachoma/annotated_data/FollicleDetection/SAMFollicleMasks/manual_check/Images/0614085_228.png,/home/Trachoma/annotated_data/FollicleDetection/SAMFollicleMasks/manual_check/Mask/0614085_228.png
/home/Trachoma/annotated_data/FollicleDetection/SAMFollicleMasks/manual_check/Images/0614086_230.png,/home/Trachoma/annotated_data/FollicleDetection/SAMFollicleMasks/manual_check/Mask/0614086_230.png
/home/Trachoma/annotated_data/FollicleDetection/SAMFollicleMasks/manual_check/Images/0614092_243.png,/home/Trachoma/annotated_data/FollicleDetection/SAMFollicleMasks/manual_check/Mask/0614092_243.png
/home/Trachoma/annotated_data/FollicleDetection/SAMFollicleMasks/manual_check/Images/0614096_252.png,/home/Trachoma/annotated_data/FollicleDetection/SAMFollicleMasks/manual_check/Mask/0614096_252.png
/home/Trachoma/annotated_data/FollicleDetection/SAMFollicleMasks/manual_check/Images/0614096_253.png,/home/Trachoma/annotated_data/FollicleDetection/SAMFollicleMasks/manual_check/Mask/0614096_253.png
/home/Trachoma/annotated_data/FollicleDetection/SAMFollicleMasks/manual_check/Images/0614103_274.png,/home/Trachoma/annotated_data/FollicleDetection/SAMFollicleMasks/manual_check/Mask/0614103_274.png
/home/Trachoma/annotated_data/FollicleDetection/SAMFollicleMasks/manual_check/Images/0614103_275.png,/home/Trachoma/annotated_data/FollicleDetection/SAMFollicleMasks/manual_check/Mask/0614103_275.png
/home/Trachoma/annotated_data/FollicleDetection/SAMFollicleMasks/manual_check/Images/0615001_290.png,/home/Trachoma/annotated_data/FollicleDetection/SAMFollicleMasks/manual_check/Mask/0615001_290.png
/home/Trachoma/annotated_data/FollicleDetection/SAMFollicleMasks/manual_check/Images/0615039_390.png,/home/Trachoma/annotated_data/FollicleDetection/SAMFollicleMasks/manual_check/Mask/0615039_390.png
/home/Trachoma/annotated_data/FollicleDetection/SAMFollicleMasks/manual_check/Images/0615039_391.png,/home/Trachoma/annotated_data/FollicleDetection/SAMFollicleMasks/manual_check/Mask/0615039_391.png
/home/Trachoma/annotated_data/FollicleDetection/SAMFollicleMasks/manual_check/Images/0615049_413.png,/home/Trachoma/annotated_data/FollicleDetection/SAMFollicleMasks/manual_check/Mask/0615049_413.png
/home/Trachoma/annotated_data/FollicleDetection/SAMFollicleMasks/manual_check/Images/0615049_414.png,/home/Trachoma/annotated_data/FollicleDetection/SAMFollicleMasks/manual_check/Mask/0615049_414.png
/home/Trachoma/annotated_data/FollicleDetection/SAMFollicleMasks/manual_check/Images/0615073_466.png,/home/Trachoma/annotated_data/FollicleDetection/SAMFollicleMasks/manual_check/Mask/0615073_466.png
/home/Trachoma/annotated_data/FollicleDetection/SAMFollicleMasks/manual_check/Images/0615073_467.png,/home/Trachoma/annotated_data/FollicleDetection/SAMFollicleMasks/manual_check/Mask/0615073_467.png
/home/Trachoma/annotated_data/FollicleDetection/SAMFollicleMasks/manual_check/Images/0615076_473.png,/home/Trachoma/annotated_data/FollicleDetection/SAMFollicleMasks/manual_check/Mask/0615076_473.png
/home/Trachoma/annotated_data/FollicleDetection/SAMFollicleMasks/manual_check/Images/0615076_474.png,/home/Trachoma/annotated_data/FollicleDetection/SAMFollicleMasks/manual_check/Mask/0615076_474.png
/home/Trachoma/annotated_data/FollicleDetection/SAMFollicleMasks/manual_check/Images/0615087_499.png,/home/Trachoma/annotated_data/FollicleDetection/SAMFollicleMasks/manual_check/Mask/0615087_499.png
/home/Trachoma/annotated_data/FollicleDetection/SAMFollicleMasks/manual_check/Images/0615087_500.png,/home/Trachoma/annotated_data/FollicleDetection/SAMFollicleMasks/manual_check/Mask/0615087_500.png
/home/Trachoma/annotated_data/FollicleDetection/SAMFollicleMasks/manual_check/Images/0615092_515.png,/home/Trachoma/annotated_data/FollicleDetection/SAMFollicleMasks/manual_check/Mask/0615092_515.png
/home/Trachoma/annotated_data/FollicleDetection/SAMFollicleMasks/manual_check/Images/0615092_516.png,/home/Trachoma/annotated_data/FollicleDetection/SAMFollicleMasks/manual_check/Mask/0615092_516.png
/home/Trachoma/annotated_data/FollicleDetection/SAMFollicleMasks/manual_check/Images/0619007_340.png,/home/Trachoma/annotated_data/FollicleDetection/SAMFollicleMasks/manual_check/Mask/0619007_340.png
/home/Trachoma/annotated_data/FollicleDetection/SAMFollicleMasks/manual_check/Images/0619007_341.png,/home/Trachoma/annotated_data/FollicleDetection/SAMFollicleMasks/manual_check/Mask/0619007_341.png
/home/Trachoma/annotated_data/FollicleDetection/SAMFollicleMasks/manual_check/Images/0619009_346.png,/home/Trachoma/annotated_data/FollicleDetection/SAMFollicleMasks/manual_check/Mask/0619009_346.png
/home/Trachoma/annotated_data/FollicleDetection/SAMFollicleMasks/manual_check/Images/0619009_347.png,/home/Trachoma/annotated_data/FollicleDetection/SAMFollicleMasks/manual_check/Mask/0619009_347.png
/home/Trachoma/annotated_data/FollicleDetection/SAMFollicleMasks/manual_check/Images/0619011_351.png,/home/Trachoma/annotated_data/FollicleDetection/SAMFollicleMasks/manual_check/Mask/0619011_351.png
/home/Trachoma/annotated_data/FollicleDetection/SAMFollicleMasks/manual_check/Images/0619011_352.png,/home/Trachoma/annotated_data/FollicleDetection/SAMFollicleMasks/manual_check/Mask/0619011_352.png
/home/Trachoma/annotated_data/FollicleDetection/SAMFollicleMasks/manual_check/Images/0619015_361.png,/home/Trachoma/annotated_data/FollicleDetection/SAMFollicleMasks/manual_check/Mask/0619015_361.png
/home/Trachoma/annotated_data/FollicleDetection/SAMFollicleMasks/manual_check/Images/0619015_362.png,/home/Trachoma/annotated_data/FollicleDetection/SAMFollicleMasks/manual_check/Mask/0619015_362.png
/home/Trachoma/annotated_data/FollicleDetection/SAMFollicleMasks/manual_check/Images/0619022_379.png,/home/Trachoma/annotated_data/FollicleDetection/SAMFollicleMasks/manual_check/Mask/0619022_379.png
/home/Trachoma/annotated_data/FollicleDetection/SAMFollicleMasks/manual_check/Images/0619022_380.png,/home/Trachoma/annotated_data/FollicleDetection/SAMFollicleMasks/manual_check/Mask/0619022_380.png
/home/Trachoma/annotated_data/FollicleDetection/SAMFollicleMasks/manual_check/Images/0619029_398.png,/home/Trachoma/annotated_data/FollicleDetection/SAMFollicleMasks/manual_check/Mask/0619029_398.png
/home/Trachoma/annotated_data/FollicleDetection/SAMFollicleMasks/manual_check/Images/0619029_399.png,/home/Trachoma/annotated_data/FollicleDetection/SAMFollicleMasks/manual_check/Mask/0619029_399.png
/home/Trachoma/annotated_data/FollicleDetection/SAMFollicleMasks/manual_check/Images/0619032_405.png,/home/Trachoma/annotated_data/FollicleDetection/SAMFollicleMasks/manual_check/Mask/0619032_405.png
/home/Trachoma/annotated_data/FollicleDetection/SAMFollicleMasks/manual_check/Images/0619032_406.png,/home/Trachoma/annotated_data/FollicleDetection/SAMFollicleMasks/manual_check/Mask/0619032_406.png
/home/Trachoma/annotated_data/FollicleDetection/SAMFollicleMasks/manual_check/Images/0619052_459.png,/home/Trachoma/annotated_data/FollicleDetection/SAMFollicleMasks/manual_check/Mask/0619052_459.png
/home/Trachoma/annotated_data/FollicleDetection/SAMFollicleMasks/manual_check/Images/0619053_461.png,/home/Trachoma/annotated_data/FollicleDetection/SAMFollicleMasks/manual_check/Mask/0619053_461.png
/home/Trachoma/annotated_data/FollicleDetection/SAMFollicleMasks/manual_check/Images/0619053_462.png,/home/Trachoma/annotated_data/FollicleDetection/SAMFollicleMasks/manual_check/Mask/0619053_462.png
/home/Trachoma/annotated_data/FollicleDetection/SAMFollicleMasks/manual_check/Images/0619057_472.png,/home/Trachoma/annotated_data/FollicleDetection/SAMFollicleMasks/manual_check/Mask/0619057_472.png
/home/Trachoma/annotated_data/FollicleDetection/SAMFollicleMasks/manual_check/Images/0619057_473.png,/home/Trachoma/annotated_data/FollicleDetection/SAMFollicleMasks/manual_check/Mask/0619057_473.png
/home/Trachoma/annotated_data/FollicleDetection/SAMFollicleMasks/manual_check/Images/0619068_500.png,/home/Trachoma/annotated_data/FollicleDetection/SAMFollicleMasks/manual_check/Mask/0619068_500.png
/home/Trachoma/annotated_data/FollicleDetection/SAMFollicleMasks/manual_check/Images/0619068_501.png,/home/Trachoma/annotated_data/FollicleDetection/SAMFollicleMasks/manual_check/Mask/0619068_501.png
/home/Trachoma/annotated_data/FollicleDetection/SAMFollicleMasks/manual_check/Images/0619070_505.png,/home/Trachoma/annotated_data/FollicleDetection/SAMFollicleMasks/manual_check/Mask/0619070_505.png
/home/Trachoma/annotated_data/FollicleDetection/SAMFollicleMasks/manual_check/Images/0619070_506.png,/home/Trachoma/annotated_data/FollicleDetection/SAMFollicleMasks/manual_check/Mask/0619070_506.png
/home/Trachoma/annotated_data/FollicleDetection/SAMFollicleMasks/manual_check/Images/0619076_519.png,/home/Trachoma/annotated_data/FollicleDetection/SAMFollicleMasks/manual_check/Mask/0619076_519.png
/home/Trachoma/annotated_data/FollicleDetection/SAMFollicleMasks/manual_check/Images/0619076_520.png,/home/Trachoma/annotated_data/FollicleDetection/SAMFollicleMasks/manual_check/Mask/0619076_520.png
/home/Trachoma/annotated_data/FollicleDetection/SAMFollicleMasks/manual_check/Images/0619083_538.png,/home/Trachoma/annotated_data/FollicleDetection/SAMFollicleMasks/manual_check/Mask/0619083_538.png
/home/Trachoma/annotated_data/FollicleDetection/SAMFollicleMasks/manual_check/Images/0619083_539.png,/home/Trachoma/annotated_data/FollicleDetection/SAMFollicleMasks/manual_check/Mask/0619083_539.png
/home/Trachoma/annotated_data/FollicleDetection/SAMFollicleMasks/manual_check/Images/0619088_554.png,/home/Trachoma/annotated_data/FollicleDetection/SAMFollicleMasks/manual_check/Mask/0619088_554.png
/home/Trachoma/annotated_data/FollicleDetection/SAMFollicleMasks/manual_check/Images/0619088_555.png,/home/Trachoma/annotated_data/FollicleDetection/SAMFollicleMasks/manual_check/Mask/0619088_555.png
/home/Trachoma/annotated_data/FollicleDetection/SAMFollicleMasks/manual_check/Images/0619094_573.png,/home/Trachoma/annotated_data/FollicleDetection/SAMFollicleMasks/manual_check/Mask/0619094_573.png
/home/Trachoma/annotated_data/FollicleDetection/SAMFollicleMasks/manual_check/Images/0619094_574.png,/home/Trachoma/annotated_data/FollicleDetection/SAMFollicleMasks/manual_check/Mask/0619094_574.png
/home/Trachoma/annotated_data/FollicleDetection/SAMFollicleMasks/manual_check/Images/0619096_580.png,/home/Trachoma/annotated_data/FollicleDetection/SAMFollicleMasks/manual_check/Mask/0619096_580.png
/home/Trachoma/annotated_data/FollicleDetection/SAMFollicleMasks/manual_check/Images/0619101_595.png,/home/Trachoma/annotated_data/FollicleDetection/SAMFollicleMasks/manual_check/Mask/0619101_595.png
/home/Trachoma/annotated_data/FollicleDetection/SAMFollicleMasks/manual_check/Images/0619101_596.png,/home/Trachoma/annotated_data/FollicleDetection/SAMFollicleMasks/manual_check/Mask/0619101_596.png
/home/Trachoma/annotated_data/FollicleDetection/SAMFollicleMasks/manual_check/Images/0619103_601.png,/home/Trachoma/annotated_data/FollicleDetection/SAMFollicleMasks/manual_check/Mask/0619103_601.png
/home/Trachoma/annotated_data/FollicleDetection/SAMFollicleMasks/manual_check/Images/0619103_602.png,/home/Trachoma/annotated_data/FollicleDetection/SAMFollicleMasks/manual_check/Mask/0619103_602.png
/home/Trachoma/annotated_data/FollicleDetection/SAMFollicleMasks/manual_check/Images/0619104_604.png,/home/Trachoma/annotated_data/FollicleDetection/SAMFollicleMasks/manual_check/Mask/0619104_604.png
/home/Trachoma/annotated_data/FollicleDetection/SAMFollicleMasks/manual_check/Images/0619104_605.png,/home/Trachoma/annotated_data/FollicleDetection/SAMFollicleMasks/manual_check/Mask/0619104_605.png
/home/Trachoma/annotated_data/FollicleDetection/SAMFollicleMasks/manual_check/Images/0619106_613.png,/home/Trachoma/annotated_data/FollicleDetection/SAMFollicleMasks/manual_check/Mask/0619106_613.png
/home/Trachoma/annotated_data/FollicleDetection/SAMFollicleMasks/manual_check/Images/0620008_347.png,/home/Trachoma/annotated_data/FollicleDetection/SAMFollicleMasks/manual_check/Mask/0620008_347.png
/home/Trachoma/annotated_data/FollicleDetection/SAMFollicleMasks/manual_check/Images/0620008_348.png,/home/Trachoma/annotated_data/FollicleDetection/SAMFollicleMasks/manual_check/Mask/0620008_348.png
/home/Trachoma/annotated_data/FollicleDetection/SAMFollicleMasks/manual_check/Images/0620009_350.png,/home/Trachoma/annotated_data/FollicleDetection/SAMFollicleMasks/manual_check/Mask/0620009_350.png
/home/Trachoma/annotated_data/FollicleDetection/SAMFollicleMasks/manual_check/Images/0620009_351.png,/home/Trachoma/annotated_data/FollicleDetection/SAMFollicleMasks/manual_check/Mask/0620009_351.png
/home/Trachoma/annotated_data/FollicleDetection/SAMFollicleMasks/manual_check/Images/0620038_414.png,/home/Trachoma/annotated_data/FollicleDetection/SAMFollicleMasks/manual_check/Mask/0620038_414.png
/home/Trachoma/annotated_data/FollicleDetection/SAMFollicleMasks/manual_check/Images/0620038_415.png,/home/Trachoma/annotated_data/FollicleDetection/SAMFollicleMasks/manual_check/Mask/0620038_415.png
/home/Trachoma/annotated_data/FollicleDetection/SAMFollicleMasks/manual_check/Images/0620058_456.png,/home/Trachoma/annotated_data/FollicleDetection/SAMFollicleMasks/manual_check/Mask/0620058_456.png
/home/Trachoma/annotated_data/FollicleDetection/SAMFollicleMasks/manual_check/Images/0620058_457.png,/home/Trachoma/annotated_data/FollicleDetection/SAMFollicleMasks/manual_check/Mask/0620058_457.png
/home/Trachoma/annotated_data/FollicleDetection/SAMFollicleMasks/manual_check/Images/0620061_463.png,/home/Trachoma/annotated_data/FollicleDetection/SAMFollicleMasks/manual_check/Mask/0620061_463.png
/home/Trachoma/annotated_data/FollicleDetection/SAMFollicleMasks/manual_check/Images/0620084_514.png,/home/Trachoma/annotated_data/FollicleDetection/SAMFollicleMasks/manual_check/Mask/0620084_514.png
/home/Trachoma/annotated_data/FollicleDetection/SAMFollicleMasks/manual_check/Images/0620084_515.png,/home/Trachoma/annotated_data/FollicleDetection/SAMFollicleMasks/manual_check/Mask/0620084_515.png
/home/Trachoma/annotated_data/FollicleDetection/SAMFollicleMasks/manual_check/Images/0620094_539.png,/home/Trachoma/annotated_data/FollicleDetection/SAMFollicleMasks/manual_check/Mask/0620094_539.png
/home/Trachoma/annotated_data/FollicleDetection/SAMFollicleMasks/manual_check/Images/0620094_540.png,/home/Trachoma/annotated_data/FollicleDetection/SAMFollicleMasks/manual_check/Mask/0620094_540.png
/home/Trachoma/annotated_data/FollicleDetection/SAMFollicleMasks/manual_check/Images/0621036_605.png,/home/Trachoma/annotated_data/FollicleDetection/SAMFollicleMasks/manual_check/Mask/0621036_605.png
/home/Trachoma/annotated_data/FollicleDetection/SAMFollicleMasks/manual_check/Images/0621036_606.png,/home/Trachoma/annotated_data/FollicleDetection/SAMFollicleMasks/manual_check/Mask/0621036_606.png
/home/Trachoma/annotated_data/FollicleDetection/SAMFollicleMasks/manual_check/Images/0621049_633.png,/home/Trachoma/annotated_data/FollicleDetection/SAMFollicleMasks/manual_check/Mask/0621049_633.png
/home/Trachoma/annotated_data/FollicleDetection/SAMFollicleMasks/manual_check/Images/0621049_634.png,/home/Trachoma/annotated_data/FollicleDetection/SAMFollicleMasks/manual_check/Mask/0621049_634.png
/home/Trachoma/annotated_data/FollicleDetection/SAMFollicleMasks/manual_check/Images/0621082_706.png,/home/Trachoma/annotated_data/FollicleDetection/SAMFollicleMasks/manual_check/Mask/0621082_706.png
/home/Trachoma/annotated_data/FollicleDetection/SAMFollicleMasks/manual_check/Images/0621082_707.png,/home/Trachoma/annotated_data/FollicleDetection/SAMFollicleMasks/manual_check/Mask/0621082_707.png
/home/Trachoma/annotated_data/FollicleDetection/SAMFollicleMasks/manual_check/Images/0621105_32.png,/home/Trachoma/annotated_data/FollicleDetection/SAMFollicleMasks/manual_check/Mask/0621105_32.png
/home/Trachoma/annotated_data/FollicleDetection/SAMFollicleMasks/manual_check/Images/0621105_33.png,/home/Trachoma/annotated_data/FollicleDetection/SAMFollicleMasks/manual_check/Mask/0621105_33.png
/home/Trachoma/annotated_data/FollicleDetection/SAMFollicleMasks/manual_check/Images/0622001_266.png,/home/Trachoma/annotated_data/FollicleDetection/SAMFollicleMasks/manual_check/Mask/0622001_266.png
/home/Trachoma/annotated_data/FollicleDetection/SAMFollicleMasks/manual_check/Images/0622001_267.png,/home/Trachoma/annotated_data/FollicleDetection/SAMFollicleMasks/manual_check/Mask/0622001_267.png
/home/Trachoma/annotated_data/FollicleDetection/SAMFollicleMasks/manual_check/Images/0622027_327.png,/home/Trachoma/annotated_data/FollicleDetection/SAMFollicleMasks/manual_check/Mask/0622027_327.png
/home/Trachoma/annotated_data/FollicleDetection/SAMFollicleMasks/manual_check/Images/0622027_328.png,/home/Trachoma/annotated_data/FollicleDetection/SAMFollicleMasks/manual_check/Mask/0622027_328.png
/home/Trachoma/annotated_data/FollicleDetection/SAMFollicleMasks/manual_check/Images/0622050_381.png,/home/Trachoma/annotated_data/FollicleDetection/SAMFollicleMasks/manual_check/Mask/0622050_381.png
/home/Trachoma/annotated_data/FollicleDetection/SAMFollicleMasks/manual_check/Images/0622050_382.png,/home/Trachoma/annotated_data/FollicleDetection/SAMFollicleMasks/manual_check/Mask/0622050_382.png
/home/Trachoma/annotated_data/FollicleDetection/SAMFollicleMasks/manual_check/Images/0622076_442.png,/home/Trachoma/annotated_data/FollicleDetection/SAMFollicleMasks/manual_check/Mask/0622076_442.png
/home/Trachoma/annotated_data/FollicleDetection/SAMFollicleMasks/manual_check/Images/0622106_522.png,/home/Trachoma/annotated_data/FollicleDetection/SAMFollicleMasks/manual_check/Mask/0622106_522.png
/home/Trachoma/annotated_data/FollicleDetection/SAMFollicleMasks/manual_check/Images/0622106_523.png,/home/Trachoma/annotated_data/FollicleDetection/SAMFollicleMasks/manual_check/Mask/0622106_523.png
/home/Trachoma/annotated_data/FollicleDetection/SAMFollicleMasks/manual_check/Images/0622106_524.png,/home/Trachoma/annotated_data/FollicleDetection/SAMFollicleMasks/manual_check/Mask/0622106_524.png
/home/Trachoma/annotated_data/FollicleDetection/SAMFollicleMasks/manual_check/Images/0623057_135.png,/home/Trachoma/annotated_data/FollicleDetection/SAMFollicleMasks/manual_check/Mask/0623057_135.png
/home/Trachoma/annotated_data/FollicleDetection/SAMFollicleMasks/manual_check/Images/0623057_136.png,/home/Trachoma/annotated_data/FollicleDetection/SAMFollicleMasks/manual_check/Mask/0623057_136.png
/home/Trachoma/annotated_data/FollicleDetection/SAMFollicleMasks/manual_check/Images/0623057_137.png,/home/Trachoma/annotated_data/FollicleDetection/SAMFollicleMasks/manual_check/Mask/0623057_137.png
/home/Trachoma/annotated_data/FollicleDetection/SAMFollicleMasks/manual_check/Images/0623103_252.png,/home/Trachoma/annotated_data/FollicleDetection/SAMFollicleMasks/manual_check/Mask/0623103_252.png
/home/Trachoma/annotated_data/FollicleDetection/SAMFollicleMasks/manual_check/Images/0623103_253.png,/home/Trachoma/annotated_data/FollicleDetection/SAMFollicleMasks/manual_check/Mask/0623103_253.png
/home/Trachoma/annotated_data/FollicleDetection/SAMFollicleMasks/manual_check/Images/0624003_274.png,/home/Trachoma/annotated_data/FollicleDetection/SAMFollicleMasks/manual_check/Mask/0624003_274.png
/home/Trachoma/annotated_data/FollicleDetection/SAMFollicleMasks/manual_check/Images/0624003_275.png,/home/Trachoma/annotated_data/FollicleDetection/SAMFollicleMasks/manual_check/Mask/0624003_275.png
/home/Trachoma/annotated_data/FollicleDetection/SAMFollicleMasks/manual_check/Images/0623103_254.png,/home/Trachoma/annotated_data/FollicleDetection/SAMFollicleMasks/manual_check/Mask/0623103_254.png
/home/Trachoma/annotated_data/FollicleDetection/SAMFollicleMasks/manual_check/Images/0624004_277.png,/home/Trachoma/annotated_data/FollicleDetection/SAMFollicleMasks/manual_check/Mask/0624004_277.png
/home/Trachoma/annotated_data/FollicleDetection/SAMFollicleMasks/manual_check/Images/0624004_278.png,/home/Trachoma/annotated_data/FollicleDetection/SAMFollicleMasks/manual_check/Mask/0624004_278.png
/home/Trachoma/annotated_data/FollicleDetection/SAMFollicleMasks/manual_check/Images/0624008_288.png,/home/Trachoma/annotated_data/FollicleDetection/SAMFollicleMasks/manual_check/Mask/0624008_288.png
/home/Trachoma/annotated_data/FollicleDetection/SAMFollicleMasks/manual_check/Images/0624008_289.png,/home/Trachoma/annotated_data/FollicleDetection/SAMFollicleMasks/manual_check/Mask/0624008_289.png
/home/Trachoma/annotated_data/FollicleDetection/SAMFollicleMasks/manual_check/Images/0624014_305.png,/home/Trachoma/annotated_data/FollicleDetection/SAMFollicleMasks/manual_check/Mask/0624014_305.png
/home/Trachoma/annotated_data/FollicleDetection/SAMFollicleMasks/manual_check/Images/0624014_306.png,/home/Trachoma/annotated_data/FollicleDetection/SAMFollicleMasks/manual_check/Mask/0624014_306.png
/home/Trachoma/annotated_data/FollicleDetection/SAMFollicleMasks/manual_check/Images/0624015_308.png,/home/Trachoma/annotated_data/FollicleDetection/SAMFollicleMasks/manual_check/Mask/0624015_308.png
/home/Trachoma/annotated_data/FollicleDetection/SAMFollicleMasks/manual_check/Images/0624015_309.png,/home/Trachoma/annotated_data/FollicleDetection/SAMFollicleMasks/manual_check/Mask/0624015_309.png
/home/Trachoma/annotated_data/FollicleDetection/SAMFollicleMasks/manual_check/Images/0624016_311.png,/home/Trachoma/annotated_data/FollicleDetection/SAMFollicleMasks/manual_check/Mask/0624016_311.png
/home/Trachoma/annotated_data/FollicleDetection/SAMFollicleMasks/manual_check/Images/0624016_312.png,/home/Trachoma/annotated_data/FollicleDetection/SAMFollicleMasks/manual_check/Mask/0624016_312.png
/home/Trachoma/annotated_data/FollicleDetection/SAMFollicleMasks/manual_check/Images/0624032_350.png,/home/Trachoma/annotated_data/FollicleDetection/SAMFollicleMasks/manual_check/Mask/0624032_350.png
/home/Trachoma/annotated_data/FollicleDetection/SAMFollicleMasks/manual_check/Images/0624032_351.png,/home/Trachoma/annotated_data/FollicleDetection/SAMFollicleMasks/manual_check/Mask/0624032_351.png
/home/Trachoma/annotated_data/FollicleDetection/SAMFollicleMasks/manual_check/Images/0624036_361.png,/home/Trachoma/annotated_data/FollicleDetection/SAMFollicleMasks/manual_check/Mask/0624036_361.png
/home/Trachoma/annotated_data/FollicleDetection/SAMFollicleMasks/manual_check/Images/0624037_363.png,/home/Trachoma/annotated_data/FollicleDetection/SAMFollicleMasks/manual_check/Mask/0624037_363.png
/home/Trachoma/annotated_data/FollicleDetection/SAMFollicleMasks/manual_check/Images/0624037_364.png,/home/Trachoma/annotated_data/FollicleDetection/SAMFollicleMasks/manual_check/Mask/0624037_364.png
/home/Trachoma/annotated_data/FollicleDetection/SAMFollicleMasks/manual_check/Images/0624038_366.png,/home/Trachoma/annotated_data/FollicleDetection/SAMFollicleMasks/manual_check/Mask/0624038_366.png
/home/Trachoma/annotated_data/FollicleDetection/SAMFollicleMasks/manual_check/Images/0624038_367.png,/home/Trachoma/annotated_data/FollicleDetection/SAMFollicleMasks/manual_check/Mask/0624038_367.png
/home/Trachoma/annotated_data/FollicleDetection/SAMFollicleMasks/manual_check/Images/0624039_369.png,/home/Trachoma/annotated_data/FollicleDetection/SAMFollicleMasks/manual_check/Mask/0624039_369.png
/home/Trachoma/annotated_data/FollicleDetection/SAMFollicleMasks/manual_check/Images/0624039_370.png,/home/Trachoma/annotated_data/FollicleDetection/SAMFollicleMasks/manual_check/Mask/0624039_370.png
/home/Trachoma/annotated_data/FollicleDetection/SAMFollicleMasks/manual_check/Images/0624050_399.png,/home/Trachoma/annotated_data/FollicleDetection/SAMFollicleMasks/manual_check/Mask/0624050_399.png
/home/Trachoma/annotated_data/FollicleDetection/SAMFollicleMasks/manual_check/Images/0624050_400.png,/home/Trachoma/annotated_data/FollicleDetection/SAMFollicleMasks/manual_check/Mask/0624050_400.png
/home/Trachoma/annotated_data/FollicleDetection/SAMFollicleMasks/manual_check/Images/0624052_404.png,/home/Trachoma/annotated_data/FollicleDetection/SAMFollicleMasks/manual_check/Mask/0624052_404.png
/home/Trachoma/annotated_data/FollicleDetection/SAMFollicleMasks/manual_check/Images/0624052_405.png,/home/Trachoma/annotated_data/FollicleDetection/SAMFollicleMasks/manual_check/Mask/0624052_405.png
/home/Trachoma/annotated_data/FollicleDetection/SAMFollicleMasks/manual_check/Images/0624054_409.png,/home/Trachoma/annotated_data/FollicleDetection/SAMFollicleMasks/manual_check/Mask/0624054_409.png
/home/Trachoma/annotated_data/FollicleDetection/SAMFollicleMasks/manual_check/Images/0624054_410.png,/home/Trachoma/annotated_data/FollicleDetection/SAMFollicleMasks/manual_check/Mask/0624054_410.png
/home/Trachoma/annotated_data/FollicleDetection/SAMFollicleMasks/manual_check/Images/0624060_423.png,/home/Trachoma/annotated_data/FollicleDetection/SAMFollicleMasks/manual_check/Mask/0624060_423.png
/home/Trachoma/annotated_data/FollicleDetection/SAMFollicleMasks/manual_check/Images/0624060_424.png,/home/Trachoma/annotated_data/FollicleDetection/SAMFollicleMasks/manual_check/Mask/0624060_424.png
/home/Trachoma/annotated_data/FollicleDetection/SAMFollicleMasks/manual_check/Images/0624061_426.png,/home/Trachoma/annotated_data/FollicleDetection/SAMFollicleMasks/manual_check/Mask/0624061_426.png
/home/Trachoma/annotated_data/FollicleDetection/SAMFollicleMasks/manual_check/Images/0624061_427.png,/home/Trachoma/annotated_data/FollicleDetection/SAMFollicleMasks/manual_check/Mask/0624061_427.png
/home/Trachoma/annotated_data/FollicleDetection/SAMFollicleMasks/manual_check/Images/0624079_469.png,/home/Trachoma/annotated_data/FollicleDetection/SAMFollicleMasks/manual_check/Mask/0624079_469.png
/home/Trachoma/annotated_data/FollicleDetection/SAMFollicleMasks/manual_check/Images/0624079_470.png,/home/Trachoma/annotated_data/FollicleDetection/SAMFollicleMasks/manual_check/Mask/0624079_470.png
/home/Trachoma/annotated_data/FollicleDetection/SAMFollicleMasks/manual_check/Images/0624099_525.png,/home/Trachoma/annotated_data/FollicleDetection/SAMFollicleMasks/manual_check/Mask/0624099_525.png
/home/Trachoma/annotated_data/FollicleDetection/SAMFollicleMasks/manual_check/Images/0624099_526.png,/home/Trachoma/annotated_data/FollicleDetection/SAMFollicleMasks/manual_check/Mask/0624099_526.png
/home/Trachoma/annotated_data/FollicleDetection/SAMFollicleMasks/manual_check/Images/0624099_527.png,/home/Trachoma/annotated_data/FollicleDetection/SAMFollicleMasks/manual_check/Mask/0624099_527.png
/home/Trachoma/annotated_data/FollicleDetection/SAMFollicleMasks/manual_check/Images/0624100_529.png,/home/Trachoma/annotated_data/FollicleDetection/SAMFollicleMasks/manual_check/Mask/0624100_529.png
/home/Trachoma/annotated_data/FollicleDetection/SAMFollicleMasks/manual_check/Images/0624100_530.png,/home/Trachoma/annotated_data/FollicleDetection/SAMFollicleMasks/manual_check/Mask/0624100_530.png
/home/Trachoma/annotated_data/FollicleDetection/SAMFollicleMasks/manual_check/Images/0624103_538.png,/home/Trachoma/annotated_data/FollicleDetection/SAMFollicleMasks/manual_check/Mask/0624103_538.png
/home/Trachoma/annotated_data/FollicleDetection/SAMFollicleMasks/manual_check/Images/0624103_539.png,/home/Trachoma/annotated_data/FollicleDetection/SAMFollicleMasks/manual_check/Mask/0624103_539.png
/home/Trachoma/annotated_data/FollicleDetection/SAMFollicleMasks/manual_check/Images/064.png,/home/Trachoma/annotated_data/FollicleDetection/SAMFollicleMasks/manual_check/Mask/064.png
/home/Trachoma/annotated_data/FollicleDetection/SAMFollicleMasks/manual_check/Images/083.png,/home/Trachoma/annotated_data/FollicleDetection/SAMFollicleMasks/manual_check/Mask/083.png
/home/Trachoma/annotated_data/FollicleDetection/SAMFollicleMasks/manual_check/Images/092.png,/home/Trachoma/annotated_data/FollicleDetection/SAMFollicleMasks/manual_check/Mask/092.png
/home/Trachoma/annotated_data/FollicleDetection/SAMFollicleMasks/manual_check/Images/097.png,/home/Trachoma/annotated_data/FollicleDetection/SAMFollicleMasks/manual_check/Mask/097.png
/home/Trachoma/annotated_data/FollicleDetection/SAMFollicleMasks/manual_check/Images/1001004_10.png,/home/Trachoma/annotated_data/FollicleDetection/SAMFollicleMasks/manual_check/Mask/1001004_10.png
/home/Trachoma/annotated_data/FollicleDetection/SAMFollicleMasks/manual_check/Images/1001004_11.png,/home/Trachoma/annotated_data/FollicleDetection/SAMFollicleMasks/manual_check/Mask/1001004_11.png
/home/Trachoma/annotated_data/FollicleDetection/SAMFollicleMasks/manual_check/Images/1001006_16.png,/home/Trachoma/annotated_data/FollicleDetection/SAMFollicleMasks/manual_check/Mask/1001006_16.png
/home/Trachoma/annotated_data/FollicleDetection/SAMFollicleMasks/manual_check/Images/1001006_17.png,/home/Trachoma/annotated_data/FollicleDetection/SAMFollicleMasks/manual_check/Mask/1001006_17.png
/home/Trachoma/annotated_data/FollicleDetection/SAMFollicleMasks/manual_check/Images/1001007_19.png,/home/Trachoma/annotated_data/FollicleDetection/SAMFollicleMasks/manual_check/Mask/1001007_19.png
/home/Trachoma/annotated_data/FollicleDetection/SAMFollicleMasks/manual_check/Images/1001007_20.png,/home/Trachoma/annotated_data/FollicleDetection/SAMFollicleMasks/manual_check/Mask/1001007_20.png
/home/Trachoma/annotated_data/FollicleDetection/SAMFollicleMasks/manual_check/Images/1001011_31.png,/home/Trachoma/annotated_data/FollicleDetection/SAMFollicleMasks/manual_check/Mask/1001011_31.png
/home/Trachoma/annotated_data/FollicleDetection/SAMFollicleMasks/manual_check/Images/1001011_32.png,/home/Trachoma/annotated_data/FollicleDetection/SAMFollicleMasks/manual_check/Mask/1001011_32.png
/home/Trachoma/annotated_data/FollicleDetection/SAMFollicleMasks/manual_check/Images/1001014_40.png,/home/Trachoma/annotated_data/FollicleDetection/SAMFollicleMasks/manual_check/Mask/1001014_40.png
/home/Trachoma/annotated_data/FollicleDetection/SAMFollicleMasks/manual_check/Images/1001014_41.png,/home/Trachoma/annotated_data/FollicleDetection/SAMFollicleMasks/manual_check/Mask/1001014_41.png
/home/Trachoma/annotated_data/FollicleDetection/SAMFollicleMasks/manual_check/Images/1001018_52.png,/home/Trachoma/annotated_data/FollicleDetection/SAMFollicleMasks/manual_check/Mask/1001018_52.png
/home/Trachoma/annotated_data/FollicleDetection/SAMFollicleMasks/manual_check/Images/1001018_53.png,/home/Trachoma/annotated_data/FollicleDetection/SAMFollicleMasks/manual_check/Mask/1001018_53.png
/home/Trachoma/annotated_data/FollicleDetection/SAMFollicleMasks/manual_check/Images/1001019_55.png,/home/Trachoma/annotated_data/FollicleDetection/SAMFollicleMasks/manual_check/Mask/1001019_55.png
/home/Trachoma/annotated_data/FollicleDetection/SAMFollicleMasks/manual_check/Images/1001019_56.png,/home/Trachoma/annotated_data/FollicleDetection/SAMFollicleMasks/manual_check/Mask/1001019_56.png
/home/Trachoma/annotated_data/FollicleDetection/SAMFollicleMasks/manual_check/Images/1001019_57.png,/home/Trachoma/annotated_data/FollicleDetection/SAMFollicleMasks/manual_check/Mask/1001019_57.png
/home/Trachoma/annotated_data/FollicleDetection/SAMFollicleMasks/manual_check/Images/1001033_100.png,/home/Trachoma/annotated_data/FollicleDetection/SAMFollicleMasks/manual_check/Mask/1001033_100.png
/home/Trachoma/annotated_data/FollicleDetection/SAMFollicleMasks/manual_check/Images/1001033_101.png,/home/Trachoma/annotated_data/FollicleDetection/SAMFollicleMasks/manual_check/Mask/1001033_101.png
/home/Trachoma/annotated_data/FollicleDetection/SAMFollicleMasks/manual_check/Images/1001033_102.png,/home/Trachoma/annotated_data/FollicleDetection/SAMFollicleMasks/manual_check/Mask/1001033_102.png
/home/Trachoma/annotated_data/FollicleDetection/SAMFollicleMasks/manual_check/Images/1001039_119.png,/home/Trachoma/annotated_data/FollicleDetection/SAMFollicleMasks/manual_check/Mask/1001039_119.png
/home/Trachoma/annotated_data/FollicleDetection/SAMFollicleMasks/manual_check/Images/1001039_120.png,/home/Trachoma/annotated_data/FollicleDetection/SAMFollicleMasks/manual_check/Mask/1001039_120.png
/home/Trachoma/annotated_data/FollicleDetection/SAMFollicleMasks/manual_check/Images/1001039_121.png,/home/Trachoma/annotated_data/FollicleDetection/SAMFollicleMasks/manual_check/Mask/1001039_121.png
/home/Trachoma/annotated_data/FollicleDetection/SAMFollicleMasks/manual_check/Images/1001046_142.png,/home/Trachoma/annotated_data/FollicleDetection/SAMFollicleMasks/manual_check/Mask/1001046_142.png
/home/Trachoma/annotated_data/FollicleDetection/SAMFollicleMasks/manual_check/Images/1001046_143.png,/home/Trachoma/annotated_data/FollicleDetection/SAMFollicleMasks/manual_check/Mask/1001046_143.png
/home/Trachoma/annotated_data/FollicleDetection/SAMFollicleMasks/manual_check/Images/1001046_144.png,/home/Trachoma/annotated_data/FollicleDetection/SAMFollicleMasks/manual_check/Mask/1001046_144.png
/home/Trachoma/annotated_data/FollicleDetection/SAMFollicleMasks/manual_check/Images/1001048_149.png,/home/Trachoma/annotated_data/FollicleDetection/SAMFollicleMasks/manual_check/Mask/1001048_149.png
/home/Trachoma/annotated_data/FollicleDetection/SAMFollicleMasks/manual_check/Images/1001048_150.png,/home/Trachoma/annotated_data/FollicleDetection/SAMFollicleMasks/manual_check/Mask/1001048_150.png
/home/Trachoma/annotated_data/FollicleDetection/SAMFollicleMasks/manual_check/Images/1001048_151.png,/home/Trachoma/annotated_data/FollicleDetection/SAMFollicleMasks/manual_check/Mask/1001048_151.png
/home/Trachoma/annotated_data/FollicleDetection/SAMFollicleMasks/manual_check/Images/1001049_153.png,/home/Trachoma/annotated_data/FollicleDetection/SAMFollicleMasks/manual_check/Mask/1001049_153.png
/home/Trachoma/annotated_data/FollicleDetection/SAMFollicleMasks/manual_check/Images/1001050_156.png,/home/Trachoma/annotated_data/FollicleDetection/SAMFollicleMasks/manual_check/Mask/1001050_156.png
/home/Trachoma/annotated_data/FollicleDetection/SAMFollicleMasks/manual_check/Images/1001050_157.png,/home/Trachoma/annotated_data/FollicleDetection/SAMFollicleMasks/manual_check/Mask/1001050_157.png
/home/Trachoma/annotated_data/FollicleDetection/SAMFollicleMasks/manual_check/Images/1001052_162.png,/home/Trachoma/annotated_data/FollicleDetection/SAMFollicleMasks/manual_check/Mask/1001052_162.png
/home/Trachoma/annotated_data/FollicleDetection/SAMFollicleMasks/manual_check/Images/1001052_163.png,/home/Trachoma/annotated_data/FollicleDetection/SAMFollicleMasks/manual_check/Mask/1001052_163.png
/home/Trachoma/annotated_data/FollicleDetection/SAMFollicleMasks/manual_check/Images/1001055_171.png,/home/Trachoma/annotated_data/FollicleDetection/SAMFollicleMasks/manual_check/Mask/1001055_171.png
/home/Trachoma/annotated_data/FollicleDetection/SAMFollicleMasks/manual_check/Images/1001055_172.png,/home/Trachoma/annotated_data/FollicleDetection/SAMFollicleMasks/manual_check/Mask/1001055_172.png
/home/Trachoma/annotated_data/FollicleDetection/SAMFollicleMasks/manual_check/Images/1001055_173.png,/home/Trachoma/annotated_data/FollicleDetection/SAMFollicleMasks/manual_check/Mask/1001055_173.png
/home/Trachoma/annotated_data/FollicleDetection/SAMFollicleMasks/manual_check/Images/1001056_175.png,/home/Trachoma/annotated_data/FollicleDetection/SAMFollicleMasks/manual_check/Mask/1001056_175.png
/home/Trachoma/annotated_data/FollicleDetection/SAMFollicleMasks/manual_check/Images/1001056_176.png,/home/Trachoma/annotated_data/FollicleDetection/SAMFollicleMasks/manual_check/Mask/1001056_176.png
/home/Trachoma/annotated_data/FollicleDetection/SAMFollicleMasks/manual_check/Images/1001069_4.png,/home/Trachoma/annotated_data/FollicleDetection/SAMFollicleMasks/manual_check/Mask/1001069_4.png
/home/Trachoma/annotated_data/FollicleDetection/SAMFollicleMasks/manual_check/Images/1001069_6.png,/home/Trachoma/annotated_data/FollicleDetection/SAMFollicleMasks/manual_check/Mask/1001069_6.png
/home/Trachoma/annotated_data/FollicleDetection/SAMFollicleMasks/manual_check/Images/1001070_10.png,/home/Trachoma/annotated_data/FollicleDetection/SAMFollicleMasks/manual_check/Mask/1001070_10.png
/home/Trachoma/annotated_data/FollicleDetection/SAMFollicleMasks/manual_check/Images/1001070_8.png,/home/Trachoma/annotated_data/FollicleDetection/SAMFollicleMasks/manual_check/Mask/1001070_8.png
/home/Trachoma/annotated_data/FollicleDetection/SAMFollicleMasks/manual_check/Images/1001070_9.png,/home/Trachoma/annotated_data/FollicleDetection/SAMFollicleMasks/manual_check/Mask/1001070_9.png
/home/Trachoma/annotated_data/FollicleDetection/SAMFollicleMasks/manual_check/Images/1001073_19.png,/home/Trachoma/annotated_data/FollicleDetection/SAMFollicleMasks/manual_check/Mask/1001073_19.png
/home/Trachoma/annotated_data/FollicleDetection/SAMFollicleMasks/manual_check/Images/1001073_20.png,/home/Trachoma/annotated_data/FollicleDetection/SAMFollicleMasks/manual_check/Mask/1001073_20.png
/home/Trachoma/annotated_data/FollicleDetection/SAMFollicleMasks/manual_check/Images/1001086_60.png,/home/Trachoma/annotated_data/FollicleDetection/SAMFollicleMasks/manual_check/Mask/1001086_60.png
/home/Trachoma/annotated_data/FollicleDetection/SAMFollicleMasks/manual_check/Images/1001086_61.png,/home/Trachoma/annotated_data/FollicleDetection/SAMFollicleMasks/manual_check/Mask/1001086_61.png
/home/Trachoma/annotated_data/FollicleDetection/SAMFollicleMasks/manual_check/Images/1001099_104.png,/home/Trachoma/annotated_data/FollicleDetection/SAMFollicleMasks/manual_check/Mask/1001099_104.png
/home/Trachoma/annotated_data/FollicleDetection/SAMFollicleMasks/manual_check/Images/1001099_105.png,/home/Trachoma/annotated_data/FollicleDetection/SAMFollicleMasks/manual_check/Mask/1001099_105.png
/home/Trachoma/annotated_data/FollicleDetection/SAMFollicleMasks/manual_check/Images/1001099_106.png,/home/Trachoma/annotated_data/FollicleDetection/SAMFollicleMasks/manual_check/Mask/1001099_106.png
/home/Trachoma/annotated_data/FollicleDetection/SAMFollicleMasks/manual_check/Images/1002010_35.png,/home/Trachoma/annotated_data/FollicleDetection/SAMFollicleMasks/manual_check/Mask/1002010_35.png
/home/Trachoma/annotated_data/FollicleDetection/SAMFollicleMasks/manual_check/Images/1002010_36.png,/home/Trachoma/annotated_data/FollicleDetection/SAMFollicleMasks/manual_check/Mask/1002010_36.png
/home/Trachoma/annotated_data/FollicleDetection/SAMFollicleMasks/manual_check/Images/1002011_29.png,/home/Trachoma/annotated_data/FollicleDetection/SAMFollicleMasks/manual_check/Mask/1002011_29.png
/home/Trachoma/annotated_data/FollicleDetection/SAMFollicleMasks/manual_check/Images/1002011_30.png,/home/Trachoma/annotated_data/FollicleDetection/SAMFollicleMasks/manual_check/Mask/1002011_30.png
/home/Trachoma/annotated_data/FollicleDetection/SAMFollicleMasks/manual_check/Images/1002012_32.png,/home/Trachoma/annotated_data/FollicleDetection/SAMFollicleMasks/manual_check/Mask/1002012_32.png
/home/Trachoma/annotated_data/FollicleDetection/SAMFollicleMasks/manual_check/Images/1002012_33.png,/home/Trachoma/annotated_data/FollicleDetection/SAMFollicleMasks/manual_check/Mask/1002012_33.png
/home/Trachoma/annotated_data/FollicleDetection/SAMFollicleMasks/manual_check/Images/1002015_44.png,/home/Trachoma/annotated_data/FollicleDetection/SAMFollicleMasks/manual_check/Mask/1002015_44.png
/home/Trachoma/annotated_data/FollicleDetection/SAMFollicleMasks/manual_check/Images/1002015_45.png,/home/Trachoma/annotated_data/FollicleDetection/SAMFollicleMasks/manual_check/Mask/1002015_45.png
/home/Trachoma/annotated_data/FollicleDetection/SAMFollicleMasks/manual_check/Images/1002016_47.png,/home/Trachoma/annotated_data/FollicleDetection/SAMFollicleMasks/manual_check/Mask/1002016_47.png
/home/Trachoma/annotated_data/FollicleDetection/SAMFollicleMasks/manual_check/Images/1002016_48.png,/home/Trachoma/annotated_data/FollicleDetection/SAMFollicleMasks/manual_check/Mask/1002016_48.png
/home/Trachoma/annotated_data/FollicleDetection/SAMFollicleMasks/manual_check/Images/1002017_50.png,/home/Trachoma/annotated_data/FollicleDetection/SAMFollicleMasks/manual_check/Mask/1002017_50.png
/home/Trachoma/annotated_data/FollicleDetection/SAMFollicleMasks/manual_check/Images/1002017_51.png,/home/Trachoma/annotated_data/FollicleDetection/SAMFollicleMasks/manual_check/Mask/1002017_51.png
/home/Trachoma/annotated_data/FollicleDetection/SAMFollicleMasks/manual_check/Images/1002019_57.png,/home/Trachoma/annotated_data/FollicleDetection/SAMFollicleMasks/manual_check/Mask/1002019_57.png
/home/Trachoma/annotated_data/FollicleDetection/SAMFollicleMasks/manual_check/Images/1002019_58.png,/home/Trachoma/annotated_data/FollicleDetection/SAMFollicleMasks/manual_check/Mask/1002019_58.png
/home/Trachoma/annotated_data/FollicleDetection/SAMFollicleMasks/manual_check/Images/1002024_72.png,/home/Trachoma/annotated_data/FollicleDetection/SAMFollicleMasks/manual_check/Mask/1002024_72.png
/home/Trachoma/annotated_data/FollicleDetection/SAMFollicleMasks/manual_check/Images/1002024_73.png,/home/Trachoma/annotated_data/FollicleDetection/SAMFollicleMasks/manual_check/Mask/1002024_73.png
/home/Trachoma/annotated_data/FollicleDetection/SAMFollicleMasks/manual_check/Images/1002029_89.png,/home/Trachoma/annotated_data/FollicleDetection/SAMFollicleMasks/manual_check/Mask/1002029_89.png
/home/Trachoma/annotated_data/FollicleDetection/SAMFollicleMasks/manual_check/Images/1002029_90.png,/home/Trachoma/annotated_data/FollicleDetection/SAMFollicleMasks/manual_check/Mask/1002029_90.png
/home/Trachoma/annotated_data/FollicleDetection/SAMFollicleMasks/manual_check/Images/1002036_112.png,/home/Trachoma/annotated_data/FollicleDetection/SAMFollicleMasks/manual_check/Mask/1002036_112.png
/home/Trachoma/annotated_data/FollicleDetection/SAMFollicleMasks/manual_check/Images/1002036_113.png,/home/Trachoma/annotated_data/FollicleDetection/SAMFollicleMasks/manual_check/Mask/1002036_113.png
/home/Trachoma/annotated_data/FollicleDetection/SAMFollicleMasks/manual_check/Images/1002053_161.png,/home/Trachoma/annotated_data/FollicleDetection/SAMFollicleMasks/manual_check/Mask/1002053_161.png
/home/Trachoma/annotated_data/FollicleDetection/SAMFollicleMasks/manual_check/Images/1002053_162.png,/home/Trachoma/annotated_data/FollicleDetection/SAMFollicleMasks/manual_check/Mask/1002053_162.png
/home/Trachoma/annotated_data/FollicleDetection/SAMFollicleMasks/manual_check/Images/1002072_7.png,/home/Trachoma/annotated_data/FollicleDetection/SAMFollicleMasks/manual_check/Mask/1002072_7.png
/home/Trachoma/annotated_data/FollicleDetection/SAMFollicleMasks/manual_check/Images/1002072_8.png,/home/Trachoma/annotated_data/FollicleDetection/SAMFollicleMasks/manual_check/Mask/1002072_8.png
/home/Trachoma/annotated_data/FollicleDetection/SAMFollicleMasks/manual_check/Images/1002073_10.png,/home/Trachoma/annotated_data/FollicleDetection/SAMFollicleMasks/manual_check/Mask/1002073_10.png
/home/Trachoma/annotated_data/FollicleDetection/SAMFollicleMasks/manual_check/Images/1002073_11.png,/home/Trachoma/annotated_data/FollicleDetection/SAMFollicleMasks/manual_check/Mask/1002073_11.png
/home/Trachoma/annotated_data/FollicleDetection/SAMFollicleMasks/manual_check/Images/1002073_12.png,/home/Trachoma/annotated_data/FollicleDetection/SAMFollicleMasks/manual_check/Mask/1002073_12.png
/home/Trachoma/annotated_data/FollicleDetection/SAMFollicleMasks/manual_check/Images/1002074_14.png,/home/Trachoma/annotated_data/FollicleDetection/SAMFollicleMasks/manual_check/Mask/1002074_14.png
/home/Trachoma/annotated_data/FollicleDetection/SAMFollicleMasks/manual_check/Images/1002074_15.png,/home/Trachoma/annotated_data/FollicleDetection/SAMFollicleMasks/manual_check/Mask/1002074_15.png
/home/Trachoma/annotated_data/FollicleDetection/SAMFollicleMasks/manual_check/Images/1002075_17.png,/home/Trachoma/annotated_data/FollicleDetection/SAMFollicleMasks/manual_check/Mask/1002075_17.png
/home/Trachoma/annotated_data/FollicleDetection/SAMFollicleMasks/manual_check/Images/1002075_18.png,/home/Trachoma/annotated_data/FollicleDetection/SAMFollicleMasks/manual_check/Mask/1002075_18.png
/home/Trachoma/annotated_data/FollicleDetection/SAMFollicleMasks/manual_check/Images/1002075_19.png,/home/Trachoma/annotated_data/FollicleDetection/SAMFollicleMasks/manual_check/Mask/1002075_19.png
/home/Trachoma/annotated_data/FollicleDetection/SAMFollicleMasks/manual_check/Images/1002088_59.png,/home/Trachoma/annotated_data/FollicleDetection/SAMFollicleMasks/manual_check/Mask/1002088_59.png
/home/Trachoma/annotated_data/FollicleDetection/SAMFollicleMasks/manual_check/Images/1002088_60.png,/home/Trachoma/annotated_data/FollicleDetection/SAMFollicleMasks/manual_check/Mask/1002088_60.png
/home/Trachoma/annotated_data/FollicleDetection/SAMFollicleMasks/manual_check/Images/1002088_61.png,/home/Trachoma/annotated_data/FollicleDetection/SAMFollicleMasks/manual_check/Mask/1002088_61.png
/home/Trachoma/annotated_data/FollicleDetection/SAMFollicleMasks/manual_check/Images/1002089_63.png,/home/Trachoma/annotated_data/FollicleDetection/SAMFollicleMasks/manual_check/Mask/1002089_63.png
/home/Trachoma/annotated_data/FollicleDetection/SAMFollicleMasks/manual_check/Images/1002089_64.png,/home/Trachoma/annotated_data/FollicleDetection/SAMFollicleMasks/manual_check/Mask/1002089_64.png
/home/Trachoma/annotated_data/FollicleDetection/SAMFollicleMasks/manual_check/Images/1003005_13.png,/home/Trachoma/annotated_data/FollicleDetection/SAMFollicleMasks/manual_check/Mask/1003005_13.png
/home/Trachoma/annotated_data/FollicleDetection/SAMFollicleMasks/manual_check/Images/1003005_14.png,/home/Trachoma/annotated_data/FollicleDetection/SAMFollicleMasks/manual_check/Mask/1003005_14.png
/home/Trachoma/annotated_data/FollicleDetection/SAMFollicleMasks/manual_check/Images/1003005_15.png,/home/Trachoma/annotated_data/FollicleDetection/SAMFollicleMasks/manual_check/Mask/1003005_15.png
/home/Trachoma/annotated_data/FollicleDetection/SAMFollicleMasks/manual_check/Images/1003007_20.png,/home/Trachoma/annotated_data/FollicleDetection/SAMFollicleMasks/manual_check/Mask/1003007_20.png
/home/Trachoma/annotated_data/FollicleDetection/SAMFollicleMasks/manual_check/Images/1003007_21.png,/home/Trachoma/annotated_data/FollicleDetection/SAMFollicleMasks/manual_check/Mask/1003007_21.png
/home/Trachoma/annotated_data/FollicleDetection/SAMFollicleMasks/manual_check/Images/1003007_22.png,/home/Trachoma/annotated_data/FollicleDetection/SAMFollicleMasks/manual_check/Mask/1003007_22.png
/home/Trachoma/annotated_data/FollicleDetection/SAMFollicleMasks/manual_check/Images/1003015_48.png,/home/Trachoma/annotated_data/FollicleDetection/SAMFollicleMasks/manual_check/Mask/1003015_48.png
/home/Trachoma/annotated_data/FollicleDetection/SAMFollicleMasks/manual_check/Images/1003022_68.png,/home/Trachoma/annotated_data/FollicleDetection/SAMFollicleMasks/manual_check/Mask/1003022_68.png
/home/Trachoma/annotated_data/FollicleDetection/SAMFollicleMasks/manual_check/Images/1003022_69.png,/home/Trachoma/annotated_data/FollicleDetection/SAMFollicleMasks/manual_check/Mask/1003022_69.png
/home/Trachoma/annotated_data/FollicleDetection/SAMFollicleMasks/manual_check/Images/1003031_95.png,/home/Trachoma/annotated_data/FollicleDetection/SAMFollicleMasks/manual_check/Mask/1003031_95.png
/home/Trachoma/annotated_data/FollicleDetection/SAMFollicleMasks/manual_check/Images/1003031_96.png,/home/Trachoma/annotated_data/FollicleDetection/SAMFollicleMasks/manual_check/Mask/1003031_96.png
/home/Trachoma/annotated_data/FollicleDetection/SAMFollicleMasks/manual_check/Images/1003034_104.png,/home/Trachoma/annotated_data/FollicleDetection/SAMFollicleMasks/manual_check/Mask/1003034_104.png
/home/Trachoma/annotated_data/FollicleDetection/SAMFollicleMasks/manual_check/Images/1003034_105.png,/home/Trachoma/annotated_data/FollicleDetection/SAMFollicleMasks/manual_check/Mask/1003034_105.png
/home/Trachoma/annotated_data/FollicleDetection/SAMFollicleMasks/manual_check/Images/1003061_188.png,/home/Trachoma/annotated_data/FollicleDetection/SAMFollicleMasks/manual_check/Mask/1003061_188.png
/home/Trachoma/annotated_data/FollicleDetection/SAMFollicleMasks/manual_check/Images/1003062_190.png,/home/Trachoma/annotated_data/FollicleDetection/SAMFollicleMasks/manual_check/Mask/1003062_190.png
/home/Trachoma/annotated_data/FollicleDetection/SAMFollicleMasks/manual_check/Images/1003073_222.png,/home/Trachoma/annotated_data/FollicleDetection/SAMFollicleMasks/manual_check/Mask/1003073_222.png
/home/Trachoma/annotated_data/FollicleDetection/SAMFollicleMasks/manual_check/Images/1003073_223.png,/home/Trachoma/annotated_data/FollicleDetection/SAMFollicleMasks/manual_check/Mask/1003073_223.png
/home/Trachoma/annotated_data/FollicleDetection/SAMFollicleMasks/manual_check/Images/1003074_225.png,/home/Trachoma/annotated_data/FollicleDetection/SAMFollicleMasks/manual_check/Mask/1003074_225.png
/home/Trachoma/annotated_data/FollicleDetection/SAMFollicleMasks/manual_check/Images/1003074_226.png,/home/Trachoma/annotated_data/FollicleDetection/SAMFollicleMasks/manual_check/Mask/1003074_226.png
/home/Trachoma/annotated_data/FollicleDetection/SAMFollicleMasks/manual_check/Images/1003078_237.png,/home/Trachoma/annotated_data/FollicleDetection/SAMFollicleMasks/manual_check/Mask/1003078_237.png
/home/Trachoma/annotated_data/FollicleDetection/SAMFollicleMasks/manual_check/Images/1003078_238.png,/home/Trachoma/annotated_data/FollicleDetection/SAMFollicleMasks/manual_check/Mask/1003078_238.png
/home/Trachoma/annotated_data/FollicleDetection/SAMFollicleMasks/manual_check/Images/1005005_321.png,/home/Trachoma/annotated_data/FollicleDetection/SAMFollicleMasks/manual_check/Mask/1005005_321.png
/home/Trachoma/annotated_data/FollicleDetection/SAMFollicleMasks/manual_check/Images/1005005_322.png,/home/Trachoma/annotated_data/FollicleDetection/SAMFollicleMasks/manual_check/Mask/1005005_322.png
/home/Trachoma/annotated_data/FollicleDetection/SAMFollicleMasks/manual_check/Images/1005014_349.png,/home/Trachoma/annotated_data/FollicleDetection/SAMFollicleMasks/manual_check/Mask/1005014_349.png
/home/Trachoma/annotated_data/FollicleDetection/SAMFollicleMasks/manual_check/Images/1005014_350.png,/home/Trachoma/annotated_data/FollicleDetection/SAMFollicleMasks/manual_check/Mask/1005014_350.png
/home/Trachoma/annotated_data/FollicleDetection/SAMFollicleMasks/manual_check/Images/1005031_404.png,/home/Trachoma/annotated_data/FollicleDetection/SAMFollicleMasks/manual_check/Mask/1005031_404.png
/home/Trachoma/annotated_data/FollicleDetection/SAMFollicleMasks/manual_check/Images/1005031_405.png,/home/Trachoma/annotated_data/FollicleDetection/SAMFollicleMasks/manual_check/Mask/1005031_405.png
/home/Trachoma/annotated_data/FollicleDetection/SAMFollicleMasks/manual_check/Images/1005059_489.png,/home/Trachoma/annotated_data/FollicleDetection/SAMFollicleMasks/manual_check/Mask/1005059_489.png
/home/Trachoma/annotated_data/FollicleDetection/SAMFollicleMasks/manual_check/Images/1005059_490.png,/home/Trachoma/annotated_data/FollicleDetection/SAMFollicleMasks/manual_check/Mask/1005059_490.png
/home/Trachoma/annotated_data/FollicleDetection/SAMFollicleMasks/manual_check/Images/1005063_500.png,/home/Trachoma/annotated_data/FollicleDetection/SAMFollicleMasks/manual_check/Mask/1005063_500.png
/home/Trachoma/annotated_data/FollicleDetection/SAMFollicleMasks/manual_check/Images/1005063_501.png,/home/Trachoma/annotated_data/FollicleDetection/SAMFollicleMasks/manual_check/Mask/1005063_501.png
/home/Trachoma/annotated_data/FollicleDetection/SAMFollicleMasks/manual_check/Images/1005096_602.png,/home/Trachoma/annotated_data/FollicleDetection/SAMFollicleMasks/manual_check/Mask/1005096_602.png
/home/Trachoma/annotated_data/FollicleDetection/SAMFollicleMasks/manual_check/Images/1005096_603.png,/home/Trachoma/annotated_data/FollicleDetection/SAMFollicleMasks/manual_check/Mask/1005096_603.png
/home/Trachoma/annotated_data/FollicleDetection/SAMFollicleMasks/manual_check/Images/1006051_152.png,/home/Trachoma/annotated_data/FollicleDetection/SAMFollicleMasks/manual_check/Mask/1006051_152.png
/home/Trachoma/annotated_data/FollicleDetection/SAMFollicleMasks/manual_check/Images/1006051_153.png,/home/Trachoma/annotated_data/FollicleDetection/SAMFollicleMasks/manual_check/Mask/1006051_153.png
/home/Trachoma/annotated_data/FollicleDetection/SAMFollicleMasks/manual_check/Images/1006064_191.png,/home/Trachoma/annotated_data/FollicleDetection/SAMFollicleMasks/manual_check/Mask/1006064_191.png
/home/Trachoma/annotated_data/FollicleDetection/SAMFollicleMasks/manual_check/Images/1006064_192.png,/home/Trachoma/annotated_data/FollicleDetection/SAMFollicleMasks/manual_check/Mask/1006064_192.png
/home/Trachoma/annotated_data/FollicleDetection/SAMFollicleMasks/manual_check/Images/1006076_227.png,/home/Trachoma/annotated_data/FollicleDetection/SAMFollicleMasks/manual_check/Mask/1006076_227.png
/home/Trachoma/annotated_data/FollicleDetection/SAMFollicleMasks/manual_check/Images/1006076_228.png,/home/Trachoma/annotated_data/FollicleDetection/SAMFollicleMasks/manual_check/Mask/1006076_228.png
/home/Trachoma/annotated_data/FollicleDetection/SAMFollicleMasks/manual_check/Images/1006081_242.png,/home/Trachoma/annotated_data/FollicleDetection/SAMFollicleMasks/manual_check/Mask/1006081_242.png
/home/Trachoma/annotated_data/FollicleDetection/SAMFollicleMasks/manual_check/Images/1006081_243.png,/home/Trachoma/annotated_data/FollicleDetection/SAMFollicleMasks/manual_check/Mask/1006081_243.png
/home/Trachoma/annotated_data/FollicleDetection/SAMFollicleMasks/manual_check/Images/1006081_244.png,/home/Trachoma/annotated_data/FollicleDetection/SAMFollicleMasks/manual_check/Mask/1006081_244.png
/home/Trachoma/annotated_data/FollicleDetection/SAMFollicleMasks/manual_check/Images/1006084_252.png,/home/Trachoma/annotated_data/FollicleDetection/SAMFollicleMasks/manual_check/Mask/1006084_252.png
/home/Trachoma/annotated_data/FollicleDetection/SAMFollicleMasks/manual_check/Images/1006084_253.png,/home/Trachoma/annotated_data/FollicleDetection/SAMFollicleMasks/manual_check/Mask/1006084_253.png
/home/Trachoma/annotated_data/FollicleDetection/SAMFollicleMasks/manual_check/Images/1006096_291.png,/home/Trachoma/annotated_data/FollicleDetection/SAMFollicleMasks/manual_check/Mask/1006096_291.png
/home/Trachoma/annotated_data/FollicleDetection/SAMFollicleMasks/manual_check/Images/1006096_292.png,/home/Trachoma/annotated_data/FollicleDetection/SAMFollicleMasks/manual_check/Mask/1006096_292.png
/home/Trachoma/annotated_data/FollicleDetection/SAMFollicleMasks/manual_check/Images/1006096_293.png,/home/Trachoma/annotated_data/FollicleDetection/SAMFollicleMasks/manual_check/Mask/1006096_293.png
/home/Trachoma/annotated_data/FollicleDetection/SAMFollicleMasks/manual_check/Images/1007.png,/home/Trachoma/annotated_data/FollicleDetection/SAMFollicleMasks/manual_check/Mask/1007.png
/home/Trachoma/annotated_data/FollicleDetection/SAMFollicleMasks/manual_check/Images/1008021_370.png,/home/Trachoma/annotated_data/FollicleDetection/SAMFollicleMasks/manual_check/Mask/1008021_370.png
/home/Trachoma/annotated_data/FollicleDetection/SAMFollicleMasks/manual_check/Images/1008021_371.png,/home/Trachoma/annotated_data/FollicleDetection/SAMFollicleMasks/manual_check/Mask/1008021_371.png
/home/Trachoma/annotated_data/FollicleDetection/SAMFollicleMasks/manual_check/Images/1008023_376.png,/home/Trachoma/annotated_data/FollicleDetection/SAMFollicleMasks/manual_check/Mask/1008023_376.png
/home/Trachoma/annotated_data/FollicleDetection/SAMFollicleMasks/manual_check/Images/1008023_377.png,/home/Trachoma/annotated_data/FollicleDetection/SAMFollicleMasks/manual_check/Mask/1008023_377.png
/home/Trachoma/annotated_data/FollicleDetection/SAMFollicleMasks/manual_check/Images/1008023_378.png,/home/Trachoma/annotated_data/FollicleDetection/SAMFollicleMasks/manual_check/Mask/1008023_378.png
/home/Trachoma/annotated_data/FollicleDetection/SAMFollicleMasks/manual_check/Images/1008069_517.png,/home/Trachoma/annotated_data/FollicleDetection/SAMFollicleMasks/manual_check/Mask/1008069_517.png
/home/Trachoma/annotated_data/FollicleDetection/SAMFollicleMasks/manual_check/Images/1008069_518.png,/home/Trachoma/annotated_data/FollicleDetection/SAMFollicleMasks/manual_check/Mask/1008069_518.png
/home/Trachoma/annotated_data/FollicleDetection/SAMFollicleMasks/manual_check/Images/101.png,/home/Trachoma/annotated_data/FollicleDetection/SAMFollicleMasks/manual_check/Mask/101.png
/home/Trachoma/annotated_data/FollicleDetection/SAMFollicleMasks/manual_check/Images/1020.png,/home/Trachoma/annotated_data/FollicleDetection/SAMFollicleMasks/manual_check/Mask/1020.png
/home/Trachoma/annotated_data/FollicleDetection/SAMFollicleMasks/manual_check/Images/1032.png,/home/Trachoma/annotated_data/FollicleDetection/SAMFollicleMasks/manual_check/Mask/1032.png
/home/Trachoma/annotated_data/FollicleDetection/SAMFollicleMasks/manual_check/Images/1037.png,/home/Trachoma/annotated_data/FollicleDetection/SAMFollicleMasks/manual_check/Mask/1037.png
/home/Trachoma/annotated_data/FollicleDetection/SAMFollicleMasks/manual_check/Images/1042.png,/home/Trachoma/annotated_data/FollicleDetection/SAMFollicleMasks/manual_check/Mask/1042.png
/home/Trachoma/annotated_data/FollicleDetection/SAMFollicleMasks/manual_check/Images/1051.png,/home/Trachoma/annotated_data/FollicleDetection/SAMFollicleMasks/manual_check/Mask/1051.png
/home/Trachoma/annotated_data/FollicleDetection/SAMFollicleMasks/manual_check/Images/1058.png,/home/Trachoma/annotated_data/FollicleDetection/SAMFollicleMasks/manual_check/Mask/1058.png
/home/Trachoma/annotated_data/FollicleDetection/SAMFollicleMasks/manual_check/Images/1061.png,/home/Trachoma/annotated_data/FollicleDetection/SAMFollicleMasks/manual_check/Mask/1061.png
/home/Trachoma/annotated_data/FollicleDetection/SAMFollicleMasks/manual_check/Images/1072.png,/home/Trachoma/annotated_data/FollicleDetection/SAMFollicleMasks/manual_check/Mask/1072.png
/home/Trachoma/annotated_data/FollicleDetection/SAMFollicleMasks/manual_check/Images/1074.png,/home/Trachoma/annotated_data/FollicleDetection/SAMFollicleMasks/manual_check/Mask/1074.png
/home/Trachoma/annotated_data/FollicleDetection/SAMFollicleMasks/manual_check/Images/1076.png,/home/Trachoma/annotated_data/FollicleDetection/SAMFollicleMasks/manual_check/Mask/1076.png
/home/Trachoma/annotated_data/FollicleDetection/SAMFollicleMasks/manual_check/Images/108.png,/home/Trachoma/annotated_data/FollicleDetection/SAMFollicleMasks/manual_check/Mask/108.png
/home/Trachoma/annotated_data/FollicleDetection/SAMFollicleMasks/manual_check/Images/1082.png,/home/Trachoma/annotated_data/FollicleDetection/SAMFollicleMasks/manual_check/Mask/1082.png
/home/Trachoma/annotated_data/FollicleDetection/SAMFollicleMasks/manual_check/Images/1083.png,/home/Trachoma/annotated_data/FollicleDetection/SAMFollicleMasks/manual_check/Mask/1083.png
/home/Trachoma/annotated_data/FollicleDetection/SAMFollicleMasks/manual_check/Images/1091.png,/home/Trachoma/annotated_data/FollicleDetection/SAMFollicleMasks/manual_check/Mask/1091.png
/home/Trachoma/annotated_data/FollicleDetection/SAMFollicleMasks/manual_check/Images/1093.png,/home/Trachoma/annotated_data/FollicleDetection/SAMFollicleMasks/manual_check/Mask/1093.png
/home/Trachoma/annotated_data/FollicleDetection/SAMFollicleMasks/manual_check/Images/1099.png,/home/Trachoma/annotated_data/FollicleDetection/SAMFollicleMasks/manual_check/Mask/1099.png
/home/Trachoma/annotated_data/FollicleDetection/SAMFollicleMasks/manual_check/Images/1131.png,/home/Trachoma/annotated_data/FollicleDetection/SAMFollicleMasks/manual_check/Mask/1131.png
/home/Trachoma/annotated_data/FollicleDetection/SAMFollicleMasks/manual_check/Images/1208.png,/home/Trachoma/annotated_data/FollicleDetection/SAMFollicleMasks/manual_check/Mask/1208.png
/home/Trachoma/annotated_data/FollicleDetection/SAMFollicleMasks/manual_check/Images/1259.png,/home/Trachoma/annotated_data/FollicleDetection/SAMFollicleMasks/manual_check/Mask/1259.png
/home/Trachoma/annotated_data/FollicleDetection/SAMFollicleMasks/manual_check/Images/129.png,/home/Trachoma/annotated_data/FollicleDetection/SAMFollicleMasks/manual_check/Mask/129.png
/home/Trachoma/annotated_data/FollicleDetection/SAMFollicleMasks/manual_check/Images/1310.png,/home/Trachoma/annotated_data/FollicleDetection/SAMFollicleMasks/manual_check/Mask/1310.png
/home/Trachoma/annotated_data/FollicleDetection/SAMFollicleMasks/manual_check/Images/1327.png,/home/Trachoma/annotated_data/FollicleDetection/SAMFollicleMasks/manual_check/Mask/1327.png
/home/Trachoma/annotated_data/FollicleDetection/SAMFollicleMasks/manual_check/Images/1361.png,/home/Trachoma/annotated_data/FollicleDetection/SAMFollicleMasks/manual_check/Mask/1361.png
/home/Trachoma/annotated_data/FollicleDetection/SAMFollicleMasks/manual_check/Images/1362.png,/home/Trachoma/annotated_data/FollicleDetection/SAMFollicleMasks/manual_check/Mask/1362.png
/home/Trachoma/annotated_data/FollicleDetection/SAMFollicleMasks/manual_check/Images/1363.png,/home/Trachoma/annotated_data/FollicleDetection/SAMFollicleMasks/manual_check/Mask/1363.png
/home/Trachoma/annotated_data/FollicleDetection/SAMFollicleMasks/manual_check/Images/1376.png,/home/Trachoma/annotated_data/FollicleDetection/SAMFollicleMasks/manual_check/Mask/1376.png
/home/Trachoma/annotated_data/FollicleDetection/SAMFollicleMasks/manual_check/Images/1406.png,/home/Trachoma/annotated_data/FollicleDetection/SAMFollicleMasks/manual_check/Mask/1406.png
/home/Trachoma/annotated_data/FollicleDetection/SAMFollicleMasks/manual_check/Images/1419.png,/home/Trachoma/annotated_data/FollicleDetection/SAMFollicleMasks/manual_check/Mask/1419.png
/home/Trachoma/annotated_data/FollicleDetection/SAMFollicleMasks/manual_check/Images/1421.png,/home/Trachoma/annotated_data/FollicleDetection/SAMFollicleMasks/manual_check/Mask/1421.png
/home/Trachoma/annotated_data/FollicleDetection/SAMFollicleMasks/manual_check/Images/1422.png,/home/Trachoma/annotated_data/FollicleDetection/SAMFollicleMasks/manual_check/Mask/1422.png
/home/Trachoma/annotated_data/FollicleDetection/SAMFollicleMasks/manual_check/Images/1424.png,/home/Trachoma/annotated_data/FollicleDetection/SAMFollicleMasks/manual_check/Mask/1424.png
/home/Trachoma/annotated_data/FollicleDetection/SAMFollicleMasks/manual_check/Images/144.png,/home/Trachoma/annotated_data/FollicleDetection/SAMFollicleMasks/manual_check/Mask/144.png
/home/Trachoma/annotated_data/FollicleDetection/SAMFollicleMasks/manual_check/Images/1442.png,/home/Trachoma/annotated_data/FollicleDetection/SAMFollicleMasks/manual_check/Mask/1442.png
/home/Trachoma/annotated_data/FollicleDetection/SAMFollicleMasks/manual_check/Images/145.png,/home/Trachoma/annotated_data/FollicleDetection/SAMFollicleMasks/manual_check/Mask/145.png
/home/Trachoma/annotated_data/FollicleDetection/SAMFollicleMasks/manual_check/Images/1469.png,/home/Trachoma/annotated_data/FollicleDetection/SAMFollicleMasks/manual_check/Mask/1469.png
/home/Trachoma/annotated_data/FollicleDetection/SAMFollicleMasks/manual_check/Images/149.png,/home/Trachoma/annotated_data/FollicleDetection/SAMFollicleMasks/manual_check/Mask/149.png
/home/Trachoma/annotated_data/FollicleDetection/SAMFollicleMasks/manual_check/Images/150.png,/home/Trachoma/annotated_data/FollicleDetection/SAMFollicleMasks/manual_check/Mask/150.png
/home/Trachoma/annotated_data/FollicleDetection/SAMFollicleMasks/manual_check/Images/151.png,/home/Trachoma/annotated_data/FollicleDetection/SAMFollicleMasks/manual_check/Mask/151.png
/home/Trachoma/annotated_data/FollicleDetection/SAMFollicleMasks/manual_check/Images/153.png,/home/Trachoma/annotated_data/FollicleDetection/SAMFollicleMasks/manual_check/Mask/153.png
/home/Trachoma/annotated_data/FollicleDetection/SAMFollicleMasks/manual_check/Images/159.png,/home/Trachoma/annotated_data/FollicleDetection/SAMFollicleMasks/manual_check/Mask/159.png
/home/Trachoma/annotated_data/FollicleDetection/SAMFollicleMasks/manual_check/Images/160.png,/home/Trachoma/annotated_data/FollicleDetection/SAMFollicleMasks/manual_check/Mask/160.png
/home/Trachoma/annotated_data/FollicleDetection/SAMFollicleMasks/manual_check/Images/167.png,/home/Trachoma/annotated_data/FollicleDetection/SAMFollicleMasks/manual_check/Mask/167.png
/home/Trachoma/annotated_data/FollicleDetection/SAMFollicleMasks/manual_check/Images/168.png,/home/Trachoma/annotated_data/FollicleDetection/SAMFollicleMasks/manual_check/Mask/168.png
/home/Trachoma/annotated_data/FollicleDetection/SAMFollicleMasks/manual_check/Images/169.png,/home/Trachoma/annotated_data/FollicleDetection/SAMFollicleMasks/manual_check/Mask/169.png
/home/Trachoma/annotated_data/FollicleDetection/SAMFollicleMasks/manual_check/Images/170214.png,/home/Trachoma/annotated_data/FollicleDetection/SAMFollicleMasks/manual_check/Mask/170214.png
/home/Trachoma/annotated_data/FollicleDetection/SAMFollicleMasks/manual_check/Images/170423.png,/home/Trachoma/annotated_data/FollicleDetection/SAMFollicleMasks/manual_check/Mask/170423.png
/home/Trachoma/annotated_data/FollicleDetection/SAMFollicleMasks/manual_check/Images/170434.png,/home/Trachoma/annotated_data/FollicleDetection/SAMFollicleMasks/manual_check/Mask/170434.png
/home/Trachoma/annotated_data/FollicleDetection/SAMFollicleMasks/manual_check/Images/173.png,/home/Trachoma/annotated_data/FollicleDetection/SAMFollicleMasks/manual_check/Mask/173.png
/home/Trachoma/annotated_data/FollicleDetection/SAMFollicleMasks/manual_check/Images/174.png,/home/Trachoma/annotated_data/FollicleDetection/SAMFollicleMasks/manual_check/Mask/174.png
/home/Trachoma/annotated_data/FollicleDetection/SAMFollicleMasks/manual_check/Images/175.png,/home/Trachoma/annotated_data/FollicleDetection/SAMFollicleMasks/manual_check/Mask/175.png
/home/Trachoma/annotated_data/FollicleDetection/SAMFollicleMasks/manual_check/Images/193.png,/home/Trachoma/annotated_data/FollicleDetection/SAMFollicleMasks/manual_check/Mask/193.png
/home/Trachoma/annotated_data/FollicleDetection/SAMFollicleMasks/manual_check/Images/196.png,/home/Trachoma/annotated_data/FollicleDetection/SAMFollicleMasks/manual_check/Mask/196.png
/home/Trachoma/annotated_data/FollicleDetection/SAMFollicleMasks/manual_check/Images/199.png,/home/Trachoma/annotated_data/FollicleDetection/SAMFollicleMasks/manual_check/Mask/199.png
/home/Trachoma/annotated_data/FollicleDetection/SAMFollicleMasks/manual_check/Images/206.png,/home/Trachoma/annotated_data/FollicleDetection/SAMFollicleMasks/manual_check/Mask/206.png
/home/Trachoma/annotated_data/FollicleDetection/SAMFollicleMasks/manual_check/Images/209231.png,/home/Trachoma/annotated_data/FollicleDetection/SAMFollicleMasks/manual_check/Mask/209231.png
/home/Trachoma/annotated_data/FollicleDetection/SAMFollicleMasks/manual_check/Images/211.png,/home/Trachoma/annotated_data/FollicleDetection/SAMFollicleMasks/manual_check/Mask/211.png
/home/Trachoma/annotated_data/FollicleDetection/SAMFollicleMasks/manual_check/Images/212.png,/home/Trachoma/annotated_data/FollicleDetection/SAMFollicleMasks/manual_check/Mask/212.png
/home/Trachoma/annotated_data/FollicleDetection/SAMFollicleMasks/manual_check/Images/214170.png,/home/Trachoma/annotated_data/FollicleDetection/SAMFollicleMasks/manual_check/Mask/214170.png
/home/Trachoma/annotated_data/FollicleDetection/SAMFollicleMasks/manual_check/Images/215094.png,/home/Trachoma/annotated_data/FollicleDetection/SAMFollicleMasks/manual_check/Mask/215094.png
/home/Trachoma/annotated_data/FollicleDetection/SAMFollicleMasks/manual_check/Images/215105.png,/home/Trachoma/annotated_data/FollicleDetection/SAMFollicleMasks/manual_check/Mask/215105.png
/home/Trachoma/annotated_data/FollicleDetection/SAMFollicleMasks/manual_check/Images/215424.png,/home/Trachoma/annotated_data/FollicleDetection/SAMFollicleMasks/manual_check/Mask/215424.png
/home/Trachoma/annotated_data/FollicleDetection/SAMFollicleMasks/manual_check/Images/217536.png,/home/Trachoma/annotated_data/FollicleDetection/SAMFollicleMasks/manual_check/Mask/217536.png
/home/Trachoma/annotated_data/FollicleDetection/SAMFollicleMasks/manual_check/Images/image0614.png,/home/Trachoma/annotated_data/FollicleDetection/SAMFollicleMasks/manual_check/Mask/image0614.png
/home/Trachoma/annotated_data/FollicleDetection/SAMFollicleMasks/manual_check/Images/IMG_0006.png,/home/Trachoma/annotated_data/FollicleDetection/SAMFollicleMasks/manual_check/Mask/IMG_0006.png
/home/Trachoma/annotated_data/FollicleDetection/SAMFollicleMasks/manual_check/Images/image0616.png,/home/Trachoma/annotated_data/FollicleDetection/SAMFollicleMasks/manual_check/Mask/image0616.png
/home/Trachoma/annotated_data/FollicleDetection/SAMFollicleMasks/manual_check/Images/IMG_0007.png,/home/Trachoma/annotated_data/FollicleDetection/SAMFollicleMasks/manual_check/Mask/IMG_0007.png
/home/Trachoma/annotated_data/FollicleDetection/SAMFollicleMasks/manual_check/Images/218284.png,/home/Trachoma/annotated_data/FollicleDetection/SAMFollicleMasks/manual_check/Mask/218284.png
/home/Trachoma/annotated_data/FollicleDetection/SAMFollicleMasks/manual_check/Images/image10.png,/home/Trachoma/annotated_data/FollicleDetection/SAMFollicleMasks/manual_check/Mask/image10.png
/home/Trachoma/annotated_data/FollicleDetection/SAMFollicleMasks/manual_check/Images/219.png,/home/Trachoma/annotated_data/FollicleDetection/SAMFollicleMasks/manual_check/Mask/219.png
/home/Trachoma/annotated_data/FollicleDetection/SAMFollicleMasks/manual_check/Images/image0617.png,/home/Trachoma/annotated_data/FollicleDetection/SAMFollicleMasks/manual_check/Mask/image0617.png
/home/Trachoma/annotated_data/FollicleDetection/SAMFollicleMasks/manual_check/Images/IMG_0009.png,/home/Trachoma/annotated_data/FollicleDetection/SAMFollicleMasks/manual_check/Mask/IMG_0009.png
/home/Trachoma/annotated_data/FollicleDetection/SAMFollicleMasks/manual_check/Images/218713.png,/home/Trachoma/annotated_data/FollicleDetection/SAMFollicleMasks/manual_check/Mask/218713.png
/home/Trachoma/annotated_data/FollicleDetection/SAMFollicleMasks/manual_check/Images/image1001.png,/home/Trachoma/annotated_data/FollicleDetection/SAMFollicleMasks/manual_check/Mask/image1001.png
/home/Trachoma/annotated_data/FollicleDetection/SAMFollicleMasks/manual_check/Images/226.png,/home/Trachoma/annotated_data/FollicleDetection/SAMFollicleMasks/manual_check/Mask/226.png
/home/Trachoma/annotated_data/FollicleDetection/SAMFollicleMasks/manual_check/Images/image0621.png,/home/Trachoma/annotated_data/FollicleDetection/SAMFollicleMasks/manual_check/Mask/image0621.png
/home/Trachoma/annotated_data/FollicleDetection/SAMFollicleMasks/manual_check/Images/IMG_0010.png,/home/Trachoma/annotated_data/FollicleDetection/SAMFollicleMasks/manual_check/Mask/IMG_0010.png
/home/Trachoma/annotated_data/FollicleDetection/SAMFollicleMasks/manual_check/Images/220583.png,/home/Trachoma/annotated_data/FollicleDetection/SAMFollicleMasks/manual_check/Mask/220583.png
/home/Trachoma/annotated_data/FollicleDetection/SAMFollicleMasks/manual_check/Images/image1004.png,/home/Trachoma/annotated_data/FollicleDetection/SAMFollicleMasks/manual_check/Mask/image1004.png
/home/Trachoma/annotated_data/FollicleDetection/SAMFollicleMasks/manual_check/Images/230.png,/home/Trachoma/annotated_data/FollicleDetection/SAMFollicleMasks/manual_check/Mask/230.png
/home/Trachoma/annotated_data/FollicleDetection/SAMFollicleMasks/manual_check/Images/image0627.png,/home/Trachoma/annotated_data/FollicleDetection/SAMFollicleMasks/manual_check/Mask/image0627.png
/home/Trachoma/annotated_data/FollicleDetection/SAMFollicleMasks/manual_check/Images/IMG_0039.png,/home/Trachoma/annotated_data/FollicleDetection/SAMFollicleMasks/manual_check/Mask/IMG_0039.png
/home/Trachoma/annotated_data/FollicleDetection/SAMFollicleMasks/manual_check/Images/224587.png,/home/Trachoma/annotated_data/FollicleDetection/SAMFollicleMasks/manual_check/Mask/224587.png
/home/Trachoma/annotated_data/FollicleDetection/SAMFollicleMasks/manual_check/Images/image1005.png,/home/Trachoma/annotated_data/FollicleDetection/SAMFollicleMasks/manual_check/Mask/image1005.png
/home/Trachoma/annotated_data/FollicleDetection/SAMFollicleMasks/manual_check/Images/231.png,/home/Trachoma/annotated_data/FollicleDetection/SAMFollicleMasks/manual_check/Mask/231.png
/home/Trachoma/annotated_data/FollicleDetection/SAMFollicleMasks/manual_check/Images/image0629.png,/home/Trachoma/annotated_data/FollicleDetection/SAMFollicleMasks/manual_check/Mask/image0629.png
/home/Trachoma/annotated_data/FollicleDetection/SAMFollicleMasks/manual_check/Images/IMG_0040.png,/home/Trachoma/annotated_data/FollicleDetection/SAMFollicleMasks/manual_check/Mask/IMG_0040.png
/home/Trachoma/annotated_data/FollicleDetection/SAMFollicleMasks/manual_check/Images/224675.png,/home/Trachoma/annotated_data/FollicleDetection/SAMFollicleMasks/manual_check/Mask/224675.png
/home/Trachoma/annotated_data/FollicleDetection/SAMFollicleMasks/manual_check/Images/image1007.png,/home/Trachoma/annotated_data/FollicleDetection/SAMFollicleMasks/manual_check/Mask/image1007.png
/home/Trachoma/annotated_data/FollicleDetection/SAMFollicleMasks/manual_check/Images/236.png,/home/Trachoma/annotated_data/FollicleDetection/SAMFollicleMasks/manual_check/Mask/236.png
/home/Trachoma/annotated_data/FollicleDetection/SAMFollicleMasks/manual_check/Images/image0630.png,/home/Trachoma/annotated_data/FollicleDetection/SAMFollicleMasks/manual_check/Mask/image0630.png
/home/Trachoma/annotated_data/FollicleDetection/SAMFollicleMasks/manual_check/Images/IMG_0076.png,/home/Trachoma/annotated_data/FollicleDetection/SAMFollicleMasks/manual_check/Mask/IMG_0076.png
/home/Trachoma/annotated_data/FollicleDetection/SAMFollicleMasks/manual_check/Images/229636.png,/home/Trachoma/annotated_data/FollicleDetection/SAMFollicleMasks/manual_check/Mask/229636.png
/home/Trachoma/annotated_data/FollicleDetection/SAMFollicleMasks/manual_check/Images/image1009.png,/home/Trachoma/annotated_data/FollicleDetection/SAMFollicleMasks/manual_check/Mask/image1009.png
/home/Trachoma/annotated_data/FollicleDetection/SAMFollicleMasks/manual_check/Images/250.png,/home/Trachoma/annotated_data/FollicleDetection/SAMFollicleMasks/manual_check/Mask/250.png
/home/Trachoma/annotated_data/FollicleDetection/SAMFollicleMasks/manual_check/Images/image0635.png,/home/Trachoma/annotated_data/FollicleDetection/SAMFollicleMasks/manual_check/Mask/image0635.png
/home/Trachoma/annotated_data/FollicleDetection/SAMFollicleMasks/manual_check/Images/IMG_0077.png,/home/Trachoma/annotated_data/FollicleDetection/SAMFollicleMasks/manual_check/Mask/IMG_0077.png
/home/Trachoma/annotated_data/FollicleDetection/SAMFollicleMasks/manual_check/Images/229757.png,/home/Trachoma/annotated_data/FollicleDetection/SAMFollicleMasks/manual_check/Mask/229757.png
/home/Trachoma/annotated_data/FollicleDetection/SAMFollicleMasks/manual_check/Images/image101.png,/home/Trachoma/annotated_data/FollicleDetection/SAMFollicleMasks/manual_check/Mask/image101.png
/home/Trachoma/annotated_data/FollicleDetection/SAMFollicleMasks/manual_check/Images/255.png,/home/Trachoma/annotated_data/FollicleDetection/SAMFollicleMasks/manual_check/Mask/255.png
/home/Trachoma/annotated_data/FollicleDetection/SAMFollicleMasks/manual_check/Images/image0637.png,/home/Trachoma/annotated_data/FollicleDetection/SAMFollicleMasks/manual_check/Mask/image0637.png
/home/Trachoma/annotated_data/FollicleDetection/SAMFollicleMasks/manual_check/Images/IMG_0082.png,/home/Trachoma/annotated_data/FollicleDetection/SAMFollicleMasks/manual_check/Mask/IMG_0082.png
/home/Trachoma/annotated_data/FollicleDetection/SAMFollicleMasks/manual_check/Images/229889.png,/home/Trachoma/annotated_data/FollicleDetection/SAMFollicleMasks/manual_check/Mask/229889.png
/home/Trachoma/annotated_data/FollicleDetection/SAMFollicleMasks/manual_check/Images/image1014.png,/home/Trachoma/annotated_data/FollicleDetection/SAMFollicleMasks/manual_check/Mask/image1014.png
/home/Trachoma/annotated_data/FollicleDetection/SAMFollicleMasks/manual_check/Images/258.png,/home/Trachoma/annotated_data/FollicleDetection/SAMFollicleMasks/manual_check/Mask/258.png
/home/Trachoma/annotated_data/FollicleDetection/SAMFollicleMasks/manual_check/Images/image0638.png,/home/Trachoma/annotated_data/FollicleDetection/SAMFollicleMasks/manual_check/Mask/image0638.png
/home/Trachoma/annotated_data/FollicleDetection/SAMFollicleMasks/manual_check/Images/IMG_0083.png,/home/Trachoma/annotated_data/FollicleDetection/SAMFollicleMasks/manual_check/Mask/IMG_0083.png
/home/Trachoma/annotated_data/FollicleDetection/SAMFollicleMasks/manual_check/Images/image1015.png,/home/Trachoma/annotated_data/FollicleDetection/SAMFollicleMasks/manual_check/Mask/image1015.png
/home/Trachoma/annotated_data/FollicleDetection/SAMFollicleMasks/manual_check/Images/273.png,/home/Trachoma/annotated_data/FollicleDetection/SAMFollicleMasks/manual_check/Mask/273.png
/home/Trachoma/annotated_data/FollicleDetection/SAMFollicleMasks/manual_check/Images/image0644.png,/home/Trachoma/annotated_data/FollicleDetection/SAMFollicleMasks/manual_check/Mask/image0644.png
/home/Trachoma/annotated_data/FollicleDetection/SAMFollicleMasks/manual_check/Images/IMG_0085.png,/home/Trachoma/annotated_data/FollicleDetection/SAMFollicleMasks/manual_check/Mask/IMG_0085.png
/home/Trachoma/annotated_data/FollicleDetection/SAMFollicleMasks/manual_check/Images/image1020.png,/home/Trachoma/annotated_data/FollicleDetection/SAMFollicleMasks/manual_check/Mask/image1020.png
/home/Trachoma/annotated_data/FollicleDetection/SAMFollicleMasks/manual_check/Images/278.png,/home/Trachoma/annotated_data/FollicleDetection/SAMFollicleMasks/manual_check/Mask/278.png
/home/Trachoma/annotated_data/FollicleDetection/SAMFollicleMasks/manual_check/Images/image0650.png,/home/Trachoma/annotated_data/FollicleDetection/SAMFollicleMasks/manual_check/Mask/image0650.png
/home/Trachoma/annotated_data/FollicleDetection/SAMFollicleMasks/manual_check/Images/IMG_0086.png,/home/Trachoma/annotated_data/FollicleDetection/SAMFollicleMasks/manual_check/Mask/IMG_0086.png
/home/Trachoma/annotated_data/FollicleDetection/SAMFollicleMasks/manual_check/Images/image1023.png,/home/Trachoma/annotated_data/FollicleDetection/SAMFollicleMasks/manual_check/Mask/image1023.png
/home/Trachoma/annotated_data/FollicleDetection/SAMFollicleMasks/manual_check/Images/281.png,/home/Trachoma/annotated_data/FollicleDetection/SAMFollicleMasks/manual_check/Mask/281.png
/home/Trachoma/annotated_data/FollicleDetection/SAMFollicleMasks/manual_check/Images/image0651.png,/home/Trachoma/annotated_data/FollicleDetection/SAMFollicleMasks/manual_check/Mask/image0651.png
/home/Trachoma/annotated_data/FollicleDetection/SAMFollicleMasks/manual_check/Images/IMG_0091.png,/home/Trachoma/annotated_data/FollicleDetection/SAMFollicleMasks/manual_check/Mask/IMG_0091.png
/home/Trachoma/annotated_data/FollicleDetection/SAMFollicleMasks/manual_check/Images/image1025.png,/home/Trachoma/annotated_data/FollicleDetection/SAMFollicleMasks/manual_check/Mask/image1025.png
/home/Trachoma/annotated_data/FollicleDetection/SAMFollicleMasks/manual_check/Images/288.png,/home/Trachoma/annotated_data/FollicleDetection/SAMFollicleMasks/manual_check/Mask/288.png
/home/Trachoma/annotated_data/FollicleDetection/SAMFollicleMasks/manual_check/Images/image0654.png,/home/Trachoma/annotated_data/FollicleDetection/SAMFollicleMasks/manual_check/Mask/image0654.png
/home/Trachoma/annotated_data/FollicleDetection/SAMFollicleMasks/manual_check/Images/IMG_0092.png,/home/Trachoma/annotated_data/FollicleDetection/SAMFollicleMasks/manual_check/Mask/IMG_0092.png
/home/Trachoma/annotated_data/FollicleDetection/SAMFollicleMasks/manual_check/Images/image1027.png,/home/Trachoma/annotated_data/FollicleDetection/SAMFollicleMasks/manual_check/Mask/image1027.png
/home/Trachoma/annotated_data/FollicleDetection/SAMFollicleMasks/manual_check/Images/289.png,/home/Trachoma/annotated_data/FollicleDetection/SAMFollicleMasks/manual_check/Mask/289.png
/home/Trachoma/annotated_data/FollicleDetection/SAMFollicleMasks/manual_check/Images/image0665.png,/home/Trachoma/annotated_data/FollicleDetection/SAMFollicleMasks/manual_check/Mask/image0665.png
/home/Trachoma/annotated_data/FollicleDetection/SAMFollicleMasks/manual_check/Images/IMG_0102.png,/home/Trachoma/annotated_data/FollicleDetection/SAMFollicleMasks/manual_check/Mask/IMG_0102.png
/home/Trachoma/annotated_data/FollicleDetection/SAMFollicleMasks/manual_check/Images/image1032.png,/home/Trachoma/annotated_data/FollicleDetection/SAMFollicleMasks/manual_check/Mask/image1032.png
/home/Trachoma/annotated_data/FollicleDetection/SAMFollicleMasks/manual_check/Images/295.png,/home/Trachoma/annotated_data/FollicleDetection/SAMFollicleMasks/manual_check/Mask/295.png
/home/Trachoma/annotated_data/FollicleDetection/SAMFollicleMasks/manual_check/Images/image0678.png,/home/Trachoma/annotated_data/FollicleDetection/SAMFollicleMasks/manual_check/Mask/image0678.png
/home/Trachoma/annotated_data/FollicleDetection/SAMFollicleMasks/manual_check/Images/IMG_0103.png,/home/Trachoma/annotated_data/FollicleDetection/SAMFollicleMasks/manual_check/Mask/IMG_0103.png
/home/Trachoma/annotated_data/FollicleDetection/SAMFollicleMasks/manual_check/Images/image1035.png,/home/Trachoma/annotated_data/FollicleDetection/SAMFollicleMasks/manual_check/Mask/image1035.png
/home/Trachoma/annotated_data/FollicleDetection/SAMFollicleMasks/manual_check/Images/299.png,/home/Trachoma/annotated_data/FollicleDetection/SAMFollicleMasks/manual_check/Mask/299.png
/home/Trachoma/annotated_data/FollicleDetection/SAMFollicleMasks/manual_check/Images/image0684.png,/home/Trachoma/annotated_data/FollicleDetection/SAMFollicleMasks/manual_check/Mask/image0684.png
/home/Trachoma/annotated_data/FollicleDetection/SAMFollicleMasks/manual_check/Images/IMG_0114.png,/home/Trachoma/annotated_data/FollicleDetection/SAMFollicleMasks/manual_check/Mask/IMG_0114.png
/home/Trachoma/annotated_data/FollicleDetection/SAMFollicleMasks/manual_check/Images/image1039.png,/home/Trachoma/annotated_data/FollicleDetection/SAMFollicleMasks/manual_check/Mask/image1039.png
/home/Trachoma/annotated_data/FollicleDetection/SAMFollicleMasks/manual_check/Images/306.png,/home/Trachoma/annotated_data/FollicleDetection/SAMFollicleMasks/manual_check/Mask/306.png
/home/Trachoma/annotated_data/FollicleDetection/SAMFollicleMasks/manual_check/Images/image0685.png,/home/Trachoma/annotated_data/FollicleDetection/SAMFollicleMasks/manual_check/Mask/image0685.png
/home/Trachoma/annotated_data/FollicleDetection/SAMFollicleMasks/manual_check/Images/IMG_0115.png,/home/Trachoma/annotated_data/FollicleDetection/SAMFollicleMasks/manual_check/Mask/IMG_0115.png
/home/Trachoma/annotated_data/FollicleDetection/SAMFollicleMasks/manual_check/Images/image104.png,/home/Trachoma/annotated_data/FollicleDetection/SAMFollicleMasks/manual_check/Mask/image104.png
/home/Trachoma/annotated_data/FollicleDetection/SAMFollicleMasks/manual_check/Images/309.png,/home/Trachoma/annotated_data/FollicleDetection/SAMFollicleMasks/manual_check/Mask/309.png
/home/Trachoma/annotated_data/FollicleDetection/SAMFollicleMasks/manual_check/Images/image0688.png,/home/Trachoma/annotated_data/FollicleDetection/SAMFollicleMasks/manual_check/Mask/image0688.png
/home/Trachoma/annotated_data/FollicleDetection/SAMFollicleMasks/manual_check/Images/IMG_0117.png,/home/Trachoma/annotated_data/FollicleDetection/SAMFollicleMasks/manual_check/Mask/IMG_0117.png
/home/Trachoma/annotated_data/FollicleDetection/SAMFollicleMasks/manual_check/Images/image1043.png,/home/Trachoma/annotated_data/FollicleDetection/SAMFollicleMasks/manual_check/Mask/image1043.png
/home/Trachoma/annotated_data/FollicleDetection/SAMFollicleMasks/manual_check/Images/310.png,/home/Trachoma/annotated_data/FollicleDetection/SAMFollicleMasks/manual_check/Mask/310.png
/home/Trachoma/annotated_data/FollicleDetection/SAMFollicleMasks/manual_check/Images/image0696.png,/home/Trachoma/annotated_data/FollicleDetection/SAMFollicleMasks/manual_check/Mask/image0696.png
/home/Trachoma/annotated_data/FollicleDetection/SAMFollicleMasks/manual_check/Images/IMG_0118.png,/home/Trachoma/annotated_data/FollicleDetection/SAMFollicleMasks/manual_check/Mask/IMG_0118.png
/home/Trachoma/annotated_data/FollicleDetection/SAMFollicleMasks/manual_check/Images/image1044.png,/home/Trachoma/annotated_data/FollicleDetection/SAMFollicleMasks/manual_check/Mask/image1044.png
/home/Trachoma/annotated_data/FollicleDetection/SAMFollicleMasks/manual_check/Images/image0697.png,/home/Trachoma/annotated_data/FollicleDetection/SAMFollicleMasks/manual_check/Mask/image0697.png
/home/Trachoma/annotated_data/FollicleDetection/SAMFollicleMasks/manual_check/Images/IMG_0121.png,/home/Trachoma/annotated_data/FollicleDetection/SAMFollicleMasks/manual_check/Mask/IMG_0121.png
/home/Trachoma/annotated_data/FollicleDetection/SAMFollicleMasks/manual_check/Images/image105.png,/home/Trachoma/annotated_data/FollicleDetection/SAMFollicleMasks/manual_check/Mask/image105.png
/home/Trachoma/annotated_data/FollicleDetection/SAMFollicleMasks/manual_check/Images/316.png,/home/Trachoma/annotated_data/FollicleDetection/SAMFollicleMasks/manual_check/Mask/316.png
/home/Trachoma/annotated_data/FollicleDetection/SAMFollicleMasks/manual_check/Images/image0703.png,/home/Trachoma/annotated_data/FollicleDetection/SAMFollicleMasks/manual_check/Mask/image0703.png
/home/Trachoma/annotated_data/FollicleDetection/SAMFollicleMasks/manual_check/Images/IMG_0122.png,/home/Trachoma/annotated_data/FollicleDetection/SAMFollicleMasks/manual_check/Mask/IMG_0122.png
/home/Trachoma/annotated_data/FollicleDetection/SAMFollicleMasks/manual_check/Images/image1052.png,/home/Trachoma/annotated_data/FollicleDetection/SAMFollicleMasks/manual_check/Mask/image1052.png
/home/Trachoma/annotated_data/FollicleDetection/SAMFollicleMasks/manual_check/Images/329.png,/home/Trachoma/annotated_data/FollicleDetection/SAMFollicleMasks/manual_check/Mask/329.png
/home/Trachoma/annotated_data/FollicleDetection/SAMFollicleMasks/manual_check/Images/image0704.png,/home/Trachoma/annotated_data/FollicleDetection/SAMFollicleMasks/manual_check/Mask/image0704.png
/home/Trachoma/annotated_data/FollicleDetection/SAMFollicleMasks/manual_check/Images/IMG_0124.png,/home/Trachoma/annotated_data/FollicleDetection/SAMFollicleMasks/manual_check/Mask/IMG_0124.png
/home/Trachoma/annotated_data/FollicleDetection/SAMFollicleMasks/manual_check/Images/image1055.png,/home/Trachoma/annotated_data/FollicleDetection/SAMFollicleMasks/manual_check/Mask/image1055.png
/home/Trachoma/annotated_data/FollicleDetection/SAMFollicleMasks/manual_check/Images/344.png,/home/Trachoma/annotated_data/FollicleDetection/SAMFollicleMasks/manual_check/Mask/344.png
/home/Trachoma/annotated_data/FollicleDetection/SAMFollicleMasks/manual_check/Images/image0708.png,/home/Trachoma/annotated_data/FollicleDetection/SAMFollicleMasks/manual_check/Mask/image0708.png
/home/Trachoma/annotated_data/FollicleDetection/SAMFollicleMasks/manual_check/Images/image1056.png,/home/Trachoma/annotated_data/FollicleDetection/SAMFollicleMasks/manual_check/Mask/image1056.png
/home/Trachoma/annotated_data/FollicleDetection/SAMFollicleMasks/manual_check/Images/345.png,/home/Trachoma/annotated_data/FollicleDetection/SAMFollicleMasks/manual_check/Mask/345.png
/home/Trachoma/annotated_data/FollicleDetection/SAMFollicleMasks/manual_check/Images/image0709.png,/home/Trachoma/annotated_data/FollicleDetection/SAMFollicleMasks/manual_check/Mask/image0709.png
/home/Trachoma/annotated_data/FollicleDetection/SAMFollicleMasks/manual_check/Images/IMG_0149.png,/home/Trachoma/annotated_data/FollicleDetection/SAMFollicleMasks/manual_check/Mask/IMG_0149.png
/home/Trachoma/annotated_data/FollicleDetection/SAMFollicleMasks/manual_check/Images/image1060.png,/home/Trachoma/annotated_data/FollicleDetection/SAMFollicleMasks/manual_check/Mask/image1060.png
/home/Trachoma/annotated_data/FollicleDetection/SAMFollicleMasks/manual_check/Images/350.png,/home/Trachoma/annotated_data/FollicleDetection/SAMFollicleMasks/manual_check/Mask/350.png
/home/Trachoma/annotated_data/FollicleDetection/SAMFollicleMasks/manual_check/Images/image0710.png,/home/Trachoma/annotated_data/FollicleDetection/SAMFollicleMasks/manual_check/Mask/image0710.png
/home/Trachoma/annotated_data/FollicleDetection/SAMFollicleMasks/manual_check/Images/IMG_0150.png,/home/Trachoma/annotated_data/FollicleDetection/SAMFollicleMasks/manual_check/Mask/IMG_0150.png
/home/Trachoma/annotated_data/FollicleDetection/SAMFollicleMasks/manual_check/Images/image1065.png,/home/Trachoma/annotated_data/FollicleDetection/SAMFollicleMasks/manual_check/Mask/image1065.png
/home/Trachoma/annotated_data/FollicleDetection/SAMFollicleMasks/manual_check/Images/355.png,/home/Trachoma/annotated_data/FollicleDetection/SAMFollicleMasks/manual_check/Mask/355.png
/home/Trachoma/annotated_data/FollicleDetection/SAMFollicleMasks/manual_check/Images/image0712.png,/home/Trachoma/annotated_data/FollicleDetection/SAMFollicleMasks/manual_check/Mask/image0712.png
/home/Trachoma/annotated_data/FollicleDetection/SAMFollicleMasks/manual_check/Images/IMG_0152.png,/home/Trachoma/annotated_data/FollicleDetection/SAMFollicleMasks/manual_check/Mask/IMG_0152.png
/home/Trachoma/annotated_data/FollicleDetection/SAMFollicleMasks/manual_check/Images/image1067.png,/home/Trachoma/annotated_data/FollicleDetection/SAMFollicleMasks/manual_check/Mask/image1067.png
/home/Trachoma/annotated_data/FollicleDetection/SAMFollicleMasks/manual_check/Images/357.png,/home/Trachoma/annotated_data/FollicleDetection/SAMFollicleMasks/manual_check/Mask/357.png
/home/Trachoma/annotated_data/FollicleDetection/SAMFollicleMasks/manual_check/Images/image0717.png,/home/Trachoma/annotated_data/FollicleDetection/SAMFollicleMasks/manual_check/Mask/image0717.png
/home/Trachoma/annotated_data/FollicleDetection/SAMFollicleMasks/manual_check/Images/IMG_0153.png,/home/Trachoma/annotated_data/FollicleDetection/SAMFollicleMasks/manual_check/Mask/IMG_0153.png
/home/Trachoma/annotated_data/FollicleDetection/SAMFollicleMasks/manual_check/Images/image107.png,/home/Trachoma/annotated_data/FollicleDetection/SAMFollicleMasks/manual_check/Mask/image107.png
/home/Trachoma/annotated_data/FollicleDetection/SAMFollicleMasks/manual_check/Images/379.png,/home/Trachoma/annotated_data/FollicleDetection/SAMFollicleMasks/manual_check/Mask/379.png
/home/Trachoma/annotated_data/FollicleDetection/SAMFollicleMasks/manual_check/Images/image0724.png,/home/Trachoma/annotated_data/FollicleDetection/SAMFollicleMasks/manual_check/Mask/image0724.png
/home/Trachoma/annotated_data/FollicleDetection/SAMFollicleMasks/manual_check/Images/IMG_0155.png,/home/Trachoma/annotated_data/FollicleDetection/SAMFollicleMasks/manual_check/Mask/IMG_0155.png
/home/Trachoma/annotated_data/FollicleDetection/SAMFollicleMasks/manual_check/Images/image1070.png,/home/Trachoma/annotated_data/FollicleDetection/SAMFollicleMasks/manual_check/Mask/image1070.png
/home/Trachoma/annotated_data/FollicleDetection/SAMFollicleMasks/manual_check/Images/380.png,/home/Trachoma/annotated_data/FollicleDetection/SAMFollicleMasks/manual_check/Mask/380.png
/home/Trachoma/annotated_data/FollicleDetection/SAMFollicleMasks/manual_check/Images/image0725.png,/home/Trachoma/annotated_data/FollicleDetection/SAMFollicleMasks/manual_check/Mask/image0725.png
/home/Trachoma/annotated_data/FollicleDetection/SAMFollicleMasks/manual_check/Images/IMG_0156.png,/home/Trachoma/annotated_data/FollicleDetection/SAMFollicleMasks/manual_check/Mask/IMG_0156.png
/home/Trachoma/annotated_data/FollicleDetection/SAMFollicleMasks/manual_check/Images/image1077.png,/home/Trachoma/annotated_data/FollicleDetection/SAMFollicleMasks/manual_check/Mask/image1077.png
/home/Trachoma/annotated_data/FollicleDetection/SAMFollicleMasks/manual_check/Images/382.png,/home/Trachoma/annotated_data/FollicleDetection/SAMFollicleMasks/manual_check/Mask/382.png
/home/Trachoma/annotated_data/FollicleDetection/SAMFollicleMasks/manual_check/Images/image0728.png,/home/Trachoma/annotated_data/FollicleDetection/SAMFollicleMasks/manual_check/Mask/image0728.png
/home/Trachoma/annotated_data/FollicleDetection/SAMFollicleMasks/manual_check/Images/IMG_0169.png,/home/Trachoma/annotated_data/FollicleDetection/SAMFollicleMasks/manual_check/Mask/IMG_0169.png
/home/Trachoma/annotated_data/FollicleDetection/SAMFollicleMasks/manual_check/Images/image1088.png,/home/Trachoma/annotated_data/FollicleDetection/SAMFollicleMasks/manual_check/Mask/image1088.png
/home/Trachoma/annotated_data/FollicleDetection/SAMFollicleMasks/manual_check/Images/384.png,/home/Trachoma/annotated_data/FollicleDetection/SAMFollicleMasks/manual_check/Mask/384.png
/home/Trachoma/annotated_data/FollicleDetection/SAMFollicleMasks/manual_check/Images/image0730.png,/home/Trachoma/annotated_data/FollicleDetection/SAMFollicleMasks/manual_check/Mask/image0730.png
/home/Trachoma/annotated_data/FollicleDetection/SAMFollicleMasks/manual_check/Images/IMG_0170.png,/home/Trachoma/annotated_data/FollicleDetection/SAMFollicleMasks/manual_check/Mask/IMG_0170.png
/home/Trachoma/annotated_data/FollicleDetection/SAMFollicleMasks/manual_check/Images/image1090.png,/home/Trachoma/annotated_data/FollicleDetection/SAMFollicleMasks/manual_check/Mask/image1090.png
/home/Trachoma/annotated_data/FollicleDetection/SAMFollicleMasks/manual_check/Images/388.png,/home/Trachoma/annotated_data/FollicleDetection/SAMFollicleMasks/manual_check/Mask/388.png
/home/Trachoma/annotated_data/FollicleDetection/SAMFollicleMasks/manual_check/Images/image0731.png,/home/Trachoma/annotated_data/FollicleDetection/SAMFollicleMasks/manual_check/Mask/image0731.png
/home/Trachoma/annotated_data/FollicleDetection/SAMFollicleMasks/manual_check/Images/IMG_0172.png,/home/Trachoma/annotated_data/FollicleDetection/SAMFollicleMasks/manual_check/Mask/IMG_0172.png
/home/Trachoma/annotated_data/FollicleDetection/SAMFollicleMasks/manual_check/Images/394.png,/home/Trachoma/annotated_data/FollicleDetection/SAMFollicleMasks/manual_check/Mask/394.png
/home/Trachoma/annotated_data/FollicleDetection/SAMFollicleMasks/manual_check/Images/image0732.png,/home/Trachoma/annotated_data/FollicleDetection/SAMFollicleMasks/manual_check/Mask/image0732.png
/home/Trachoma/annotated_data/FollicleDetection/SAMFollicleMasks/manual_check/Images/IMG_0174.png,/home/Trachoma/annotated_data/FollicleDetection/SAMFollicleMasks/manual_check/Mask/IMG_0174.png
/home/Trachoma/annotated_data/FollicleDetection/SAMFollicleMasks/manual_check/Images/image1098.png,/home/Trachoma/annotated_data/FollicleDetection/SAMFollicleMasks/manual_check/Mask/image1098.png
/home/Trachoma/annotated_data/FollicleDetection/SAMFollicleMasks/manual_check/Images/406.png,/home/Trachoma/annotated_data/FollicleDetection/SAMFollicleMasks/manual_check/Mask/406.png
/home/Trachoma/annotated_data/FollicleDetection/SAMFollicleMasks/manual_check/Images/image0733.png,/home/Trachoma/annotated_data/FollicleDetection/SAMFollicleMasks/manual_check/Mask/image0733.png
/home/Trachoma/annotated_data/FollicleDetection/SAMFollicleMasks/manual_check/Images/IMG_0176.png,/home/Trachoma/annotated_data/FollicleDetection/SAMFollicleMasks/manual_check/Mask/IMG_0176.png
/home/Trachoma/annotated_data/FollicleDetection/SAMFollicleMasks/manual_check/Images/image11.png,/home/Trachoma/annotated_data/FollicleDetection/SAMFollicleMasks/manual_check/Mask/image11.png
